identifier,line_no,utility,community,amount,purchased_from,powerhouse_consumption_kwh,peak_consumption_kw,residential_sold_to,commercial_sold_to,com_facil_sold_to,govt_facil_sold_to,unbilled_sold_to,most_recent_fuel_purch_price,fuel_used_gallons,non_fuel_expenses,fuel_cost,total_kwh_purchased,residential_customers,commercial_customers,com_facil_customers,govt_facil_customers,unbilled_customers,other_customers,other_customers_description,diesel_kwh_generated,hydro_kwh_generated,other_1_kwh_type,other_1_kwh_generated,other_2_kwh_type,other_2_kwh_generated,umr_month,fiscal_year,calendar_year
A3322100826225003,0,MANOKOTAK POWER COMPANY,Manokotak,17027.59,0,0,0,52453,11149,4705,5918,0,3.7225,0,0,0,0,129,28,5,5,5,0,NA,0,0,WIND,0,NA,0,February,2026,2026
A3322100926225003,0,MANOKOTAK POWER COMPANY,Manokotak,19603.32,0,0,0,52656,17271,9333,22380,0,3.7225,0,0,0,0,129,28,5,5,5,0,NA,0,0,WIND,0,NA,0,March,2026,2026
A3324500926225003,0,PEDRO BAY VILLAGE COUNCIL,Pedro Bay,3662.66,n/a,1346,59,8996,8594,3713,1835,0,5.7317,2250,3108.44,12896.33,0,18,16,4,1,0,0,NA,25593,0,WIND,0,NA,0,March,2026,2026
A3328900926225003,0,CITY OF WHITE MOUNTAIN,White Mountain,15459.21,NA,3257,182,33491,26437,14088,2215,0,3.4456,7564,160342.95,26062.52,0,72,26,8,4,0,0,NA,92574,0,WIND,0,NA,0,March,2026,2026
A3329001026225003,0,ALASKA VILLAGE ELECTRIC COOP,Yakutat,39532.59,NA,0,0,125589,321128,38178,77091,0,0,0,0,0,0,324,114,26,32,0,0,NA,0,0,NA,0,NA,0,April,2026,2026
A3327301026225003,0,ALASKA VILLAGE ELECTRIC COOP,Twin Hills,4091.1,NA,0,0,11565,2323,5323,7954,0,0,0,0,0,0,32,7,4,2,0,0,NA,0,0,NA,0,NA,0,April,2026,2026
A3328901026225003,0,CITY OF WHITE MOUNTAIN,White Mountain,12004.49,NA,3264,213,26744,29372,8967,1589,0,3.4456,6541,10815.45,22537.67,0,72,26,8,4,0,0,NA,74675,0,WIND,0,NA,0,April,2026,2026
A3324501026225003,0,PEDRO BAY VILLAGE COUNCIL,Pedro Bay,3491.74,n/a,1468,51,6833,7485,2436,1198,0,5.865,1965,6336.81,11524.73,0,20,15,4,1,0,0,NA,20983,0,WIND,0,NA,0,April,2026,2026
A3324201026225003,0,NUNAM IQUA ELECTRIC COMPANY,Nunam Iqua,11740.8,NA,2185,197,27455,37173,17092,6596,260,4.5411,8410,8733.82,38190.65,0,48,14,6,5,2,0,NA,101151,0,WIND,0,NA,0,April,2026,2026
A3322101026225003,0,MANOKOTAK POWER COMPANY,Manokotak,19502.93,NA,0,0,52411,13256,7985,22547,0,3.7225,0,0,0,0,129,28,5,5,5,0,NA,0,0,WIND,0,NA,0,April,2026,2026
A3325101026225003,0,PUVURNAQ POWER COMPANY,Kongiganak,23986.88,0,3928,207,54828,24585,7988,560,2496,4.701,6642,26394.28,31224.04,0,165,14,5,2,10,0,NA,80060,0,WIND,34531,NA,0,April,2026,2026
A3325601026225003,0,ST. PAUL MUNICIPAL ELECTRIC,St. Paul,29530.48,0,8456,415,51769,85803,26211,61121,0,6.55,29608,32350,193932.4,0,122,58,30,17,0,0,NA,280320,0,WIND,0,NA,0,April,2026,2026
A3321201026225003,0,ALASKA VILLAGE ELECTRIC COOP,Kotlik,13663.54,NA,0,0,68809,32159,21936,50941,0,0,0,0,0,0,124,18,7,18,0,0,NA,0,0,NA,0,NA,0,April,2026,2026
A3323501026225003,0,NORTH SLOPE BOROUGH,Anaktuvuk Pass,1245.1,NA,23904,749,93259,284782,4066,2597,0,6.1891,30962,113109.66,191626.91,0,106,57,2,3,1,0,NA,436712,0,WIND,0,NA,0,April,2026,2026
A3323601026225003,0,NORTH SLOPE BOROUGH,Atqasuk,599.36,NA,27325,506,66048,248097,2293,2120,0,5.1557,23778,121033.25,122592.23,0,68,52,2,2,1,0,NA,348675,0,WIND,0,NA,0,April,2026,2026
A3323701026225003,0,NORTH SLOPE BOROUGH,Kaktovik,669.63,NA,20047,800,65636,237603,1014,60115,0,4.1569,32936,111209.71,136911.66,0,75,48,2,5,1,0,NA,475280,0,WIND,0,NA,0,April,2026,2026
A3323801026225003,0,NORTH SLOPE BOROUGH,Nuiqsut,638.86,NA,23892,1202,78422,529341,8646,3380,0,6.5154,9359,104566.06,60977.63,0,121,72,3,3,1,0,NA,136020,0,WIND,0,NaturalGas,584140,April,2026,2026
A3323901026225003,0,NORTH SLOPE BOROUGH,Point Hope,2059.23,NA,25984,1051,196694,348086,0,3302,0,3.8227,45367,141813.2,173424.43,0,209,75,1,4,1,0,NA,584674,0,WIND,0,NA,0,April,2026,2026
A3324001026225003,0,NORTH SLOPE BOROUGH,Point Lay,276.45,NA,2629,606,33481,174123,1854,3890,0,5.742,28592,128889.9,164175.26,0,64,46,1,2,1,0,NA,352198,0,WIND,0,NA,0,April,2026,2026
A3324101026225003,0,NORTH SLOPE BOROUGH,Wainwright,1930.74,NA,28227,1077,135782,410255,6520,5556,0,4.1003,47199,135190.22,193530.06,0,152,69,3,4,1,0,NA,637940,0,WIND,0,NA,0,April,2026,2026
A3312401026225003,0,ALASKA VILLAGE ELECTRIC COOP,Alakanuk,39706.4,NA,0,0,69320,26631,35198,55047,0,0,0,0,0,0,157,18,9,15,0,0,NA,0,0,NA,0,NA,0,April,2026,2026
A3312501026225003,0,ALASKA VILLAGE ELECTRIC COOP,Ambler,18487.87,NA,0,0,39834,11701,16041,38299,0,0,0,0,0,0,79,15,11,9,0,0,NA,0,0,NA,0,NA,0,April,2026,2026
A3312601026225003,0,ALASKA VILLAGE ELECTRIC COOP,Anvik,6791.25,NA,0,0,10072,6026,3859,12766,0,0,0,0,0,0,37,9,9,11,0,0,NA,0,0,NA,0,NA,0,April,2026,2026
A3312701026225003,0,ALASKA VILLAGE ELECTRIC COOP,Brevig Mission,19934.81,NA,0,0,48790,31486,529,38185,0,0,0,0,0,0,88,18,2,22,0,0,NA,0,0,NA,0,NA,0,April,2026,2026
A3312801026225003,0,ALASKA VILLAGE ELECTRIC COOP,Chevak,37175.76,NA,0,0,92766,31015,32677,28465,0,0,0,0,0,0,201,23,9,19,0,0,NA,0,0,NA,0,NA,0,April,2026,2026
A3312901026225003,0,ALASKA VILLAGE ELECTRIC COOP,Eek,17930.94,NA,0,0,47217,31471,4063,21544,0,0,0,0,0,0,110,24,4,7,0,0,NA,0,0,NA,0,NA,0,April,2026,2026
A3313001026225003,0,ALASKA VILLAGE ELECTRIC COOP,Elim,19420.82,NA,0,0,44239,18183,10854,27493,0,0,0,0,0,0,88,17,10,19,0,0,NA,0,0,NA,0,NA,0,April,2026,2026
A3313101026225003,0,ALASKA VILLAGE ELECTRIC COOP,Emmonak,43003.1,NA,0,0,95739,86043,53836,71388,0,0,0,0,0,0,211,37,20,25,0,0,NA,0,0,NA,0,NA,0,April,2026,2026
A3313201026225003,0,ALASKA VILLAGE ELECTRIC COOP,Gambell,44011.77,NA,0,0,93554,43828,27301,38435,0,0,0,0,0,0,173,13,13,20,0,0,NA,0,0,NA,0,NA,0,April,2026,2026
A3313301026225003,0,ALASKA VILLAGE ELECTRIC COOP,Goodnews Bay,14614,NA,0,0,36373,12264,4792,13011,0,0,0,0,0,0,77,10,5,6,0,0,NA,0,0,NA,0,NA,0,April,2026,2026
A3313401026225003,0,ALASKA VILLAGE ELECTRIC COOP,Grayling,16444.05,NA,0,0,26735,9467,12812,6403,0,0,0,0,0,0,69,16,9,5,0,0,NA,0,0,NA,0,NA,0,April,2026,2026
A3313501026225003,0,ALASKA VILLAGE ELECTRIC COOP,Holy Cross,14957.5,NA,0,0,28443,9375,8196,7902,0,0,0,0,0,0,69,15,11,9,0,0,NA,0,0,NA,0,NA,0,April,2026,2026
A3313601026225003,0,ALASKA VILLAGE ELECTRIC COOP,Hooper Bay,56852.17,NA,0,0,121267,44051,61239,77908,0,0,0,0,0,0,260,22,11,31,0,0,NA,0,0,NA,0,NA,0,April,2026,2026
A3313701026225003,0,ALASKA VILLAGE ELECTRIC COOP,Huslia,25323.98,NA,0,0,53242,9291,13715,25983,0,0,0,0,0,0,116,15,13,10,0,0,NA,0,0,NA,0,NA,0,April,2026,2026
A3313801026225003,0,ALASKA VILLAGE ELECTRIC COOP,Kaltag,11843.92,NA,0,0,20764,3460,8191,15297,0,0,0,0,0,0,72,5,14,11,0,0,NA,0,0,NA,0,NA,0,April,2026,2026
A3313901026225003,0,ALASKA VILLAGE ELECTRIC COOP,Kasigluk,26887.72,NA,0,0,60952,8052,22194,19664,0,0,0,0,0,0,112,11,11,11,0,0,NA,0,0,NA,0,NA,0,April,2026,2026
A3314001026225003,0,ALASKA VILLAGE ELECTRIC COOP,Kiana,22160.91,NA,0,0,70016,27843,29416,37834,0,0,0,0,0,0,117,17,13,6,0,0,NA,0,0,NA,0,NA,0,April,2026,2026
A3314101026225003,0,ALASKA VILLAGE ELECTRIC COOP,Kivalina,17963.22,NA,0,0,52377,24632,8036,42854,0,0,0,0,0,0,88,17,6,20,0,0,NA,0,0,NA,0,NA,0,April,2026,2026
A3314201026225003,0,ALASKA VILLAGE ELECTRIC COOP,Koyuk,9124.22,NA,0,0,44812,26304,4803,28227,0,0,0,0,0,0,87,18,7,19,0,0,NA,0,0,NA,0,NA,0,April,2026,2026
A3314301026225003,0,ALASKA VILLAGE ELECTRIC COOP,Lower Kalskag,8768.04,NA,0,0,32955,4573,6767,6265,0,0,0,0,0,0,84,4,6,5,0,0,NA,0,0,NA,0,NA,0,April,2026,2026
A3314401026225003,0,ALASKA VILLAGE ELECTRIC COOP,Marshall,11025.57,NA,0,0,50274,22455,16546,42121,0,0,0,0,0,0,108,15,16,9,0,0,NA,0,0,NA,0,NA,0,April,2026,2026
A3314501026225003,0,ALASKA VILLAGE ELECTRIC COOP,Mekoryuk,11225.22,NA,0,0,25632,11290,11539,21345,0,0,0,0,0,0,90,18,9,6,0,0,NA,0,0,NA,0,NA,0,April,2026,2026
A3314601026225003,0,ALASKA VILLAGE ELECTRIC COOP,Minto,15996.55,NA,0,0,35341,15622,15917,18512,0,0,0,0,0,0,79,15,7,5,0,0,NA,0,0,NA,0,NA,0,April,2026,2026
A3314701026225003,0,ALASKA VILLAGE ELECTRIC COOP,Mt. Village,28110.92,NA,0,0,65059,39373,23998,59986,0,0,0,0,0,0,164,29,13,21,0,0,NA,0,0,NA,0,NA,0,April,2026,2026
A3314801026225003,0,ALASKA VILLAGE ELECTRIC COOP,New Stuyahok,17665.57,NA,0,0,48415,23202,7690,41846,0,0,0,0,0,0,103,16,9,22,0,0,NA,0,0,NA,0,NA,0,April,2026,2026
A3314901026225003,0,ALASKA VILLAGE ELECTRIC COOP,Nightmute,9253.19,NA,0,0,39098,18579,15085,45673,0,0,0,0,0,0,56,11,5,8,0,0,NA,0,0,NA,0,NA,0,April,2026,2026
A3315001026225003,0,ALASKA VILLAGE ELECTRIC COOP,Noatak,21068.72,NA,0,0,64288,20731,22300,60113,0,0,0,0,0,0,111,11,11,16,0,0,NA,0,0,NA,0,NA,0,April,2026,2026
A3315101026225003,0,ALASKA VILLAGE ELECTRIC COOP,Noorvik,44243.71,NA,0,0,81765,21348,34533,44492,0,0,0,0,0,0,135,13,9,21,0,0,NA,0,0,NA,0,NA,0,April,2026,2026
A3315201026225003,0,ALASKA VILLAGE ELECTRIC COOP,Nulato,18173.62,NA,0,0,40220,9258,18714,27160,0,0,0,0,0,0,115,14,13,8,0,0,NA,0,0,NA,0,NA,0,April,2026,2026
A3315301026225003,0,ALASKA VILLAGE ELECTRIC COOP,Nunapitchuk,21856.58,NA,0,0,59826,11994,14341,30367,0,0,0,0,0,0,125,12,10,12,0,0,NA,0,0,NA,0,NA,0,April,2026,2026
A3315401026225003,0,ALASKA VILLAGE ELECTRIC COOP,Old Harbor,12285.71,NA,0,0,29732,8885,14800,13251,0,0,0,0,0,0,90,24,10,5,0,0,NA,0,0,NA,0,NA,0,April,2026,2026
A3315501026225003,0,ALASKA VILLAGE ELECTRIC COOP,Pilot Station,20835.78,NA,0,0,59806,20426,18092,62715,0,0,0,0,0,0,133,12,8,12,0,0,NA,0,0,NA,0,NA,0,April,2026,2026
A3315601026225003,0,ALASKA VILLAGE ELECTRIC COOP,Pitkas Point,6285.21,NA,0,0,11734,3350,11602,0,0,0,0,0,0,0,30,5,6,0,0,0,NA,0,0,NA,0,NA,0,April,2026,2026
A3315701026225003,0,ALASKA VILLAGE ELECTRIC COOP,Quinhagak,30185.54,NA,0,0,91397,37568,25305,39540,0,0,0,0,0,0,184,19,14,11,0,0,NA,0,0,NA,0,NA,0,April,2026,2026
A3315801026225003,0,ALASKA VILLAGE ELECTRIC COOP,Russian Mission,14673.6,NA,0,0,32062,8033,5676,35278,0,0,0,0,0,0,77,9,6,8,0,0,NA,0,0,NA,0,NA,0,April,2026,2026
A3315901026225003,0,ALASKA VILLAGE ELECTRIC COOP,Savoonga,36831.18,NA,0,0,88528,44162,21929,57959,0,0,0,0,0,0,159,29,7,29,0,0,NA,0,0,NA,0,NA,0,April,2026,2026
A3316001026225003,0,ALASKA VILLAGE ELECTRIC COOP,Scammon Bay,23173.21,NA,0,0,64903,19092,14697,54536,0,0,0,0,0,0,135,15,8,25,0,0,NA,0,0,NA,0,NA,0,April,2026,2026
A3316101026225003,0,ALASKA VILLAGE ELECTRIC COOP,Selawik,44155.41,NA,0,0,95019,26995,36101,55239,0,0,0,0,0,0,166,17,13,20,0,0,NA,0,0,NA,0,NA,0,April,2026,2026
A3316201026225003,0,ALASKA VILLAGE ELECTRIC COOP,Shageluk,7958.11,NA,0,0,15186,10919,6678,7250,0,0,0,0,0,0,37,8,8,5,0,0,NA,0,0,NA,0,NA,0,April,2026,2026
A3316301026225003,0,ALASKA VILLAGE ELECTRIC COOP,Shaktoolik,12662.89,NA,0,0,38347,30237,899,19701,0,0,0,0,0,0,67,17,2,18,0,0,NA,0,0,NA,0,NA,0,April,2026,2026
A3316401026225003,0,ALASKA VILLAGE ELECTRIC COOP,Shishmaref,35012.07,NA,0,0,60916,33969,7743,38632,0,0,0,0,0,0,151,21,8,24,0,0,NA,0,0,NA,0,NA,0,April,2026,2026
A3316501026225003,0,ALASKA VILLAGE ELECTRIC COOP,Shungnak,10838.41,NA,0,0,31397,12711,6196,18659,0,0,0,0,0,0,59,14,9,7,0,0,NA,0,0,NA,0,NA,0,April,2026,2026
A3316601026225003,0,ALASKA VILLAGE ELECTRIC COOP,St. Mary's,25943.47,NA,0,0,67690,51777,34010,72218,0,0,0,0,0,0,177,34,17,21,0,0,NA,0,0,NA,0,NA,0,April,2026,2026
A3316701026225003,0,ALASKA VILLAGE ELECTRIC COOP,St. Michael,21552.51,NA,0,0,51002,36016,31709,43050,0,0,0,0,0,0,94,19,10,19,0,0,NA,0,0,NA,0,NA,0,April,2026,2026
A3316801026225003,0,ALASKA VILLAGE ELECTRIC COOP,Stebbins,20268.99,NA,0,0,67322,31923,8213,29202,0,0,0,0,0,0,147,26,7,19,0,0,NA,0,0,NA,0,NA,0,April,2026,2026
A3316851026225003,0,ALASKA VILLAGE ELECTRIC COOP,Teller,9723.09,NA,0,0,28043,16886,4038,24231,0,0,0,0,0,0,69,20,6,18,0,0,NA,0,0,NA,0,NA,0,April,2026,2026
A3316901026225003,0,ALASKA VILLAGE ELECTRIC COOP,Togiak,29938.2,NA,0,0,89372,49928,19949,49083,0,0,0,0,0,0,207,40,16,34,0,0,NA,0,0,NA,0,NA,0,April,2026,2026
A3317001026225003,0,ALASKA VILLAGE ELECTRIC COOP,Toksook Bay,33554.62,NA,0,0,74659,22556,27687,26376,0,0,0,0,0,0,148,15,13,10,0,0,NA,0,0,NA,0,NA,0,April,2026,2026
A3317101026225003,0,ALASKA VILLAGE ELECTRIC COOP,Tununak,14911.93,NA,0,0,40880,18663,2117,30403,0,0,0,0,0,0,91,12,7,14,0,0,NA,0,0,NA,0,NA,0,April,2026,2026
A3317201026225003,0,ALASKA VILLAGE ELECTRIC COOP,Upper Kalskag,9759.63,NA,0,0,25315,13307,4225,25509,0,0,0,0,0,0,59,10,11,13,0,0,NA,0,0,NA,0,NA,0,April,2026,2026
A3317301026225003,0,ALASKA VILLAGE ELECTRIC COOP,Wales,8546.87,NA,0,0,17145,26714,2623,22597,0,0,0,0,0,0,33,18,4,14,0,0,NA,0,0,NA,0,NA,0,April,2026,2026
A3318601026225003,0,CITY OF CHIGNIK,Chignik,3302.23,NA,1793,166,9000,34306,11845,1239,0,4.4978,4494,7605.83,20213.11,0,40,32,14,1,0,0,NA,60274,0,WIND,0,NA,0,April,2026,2026
A3318001026225003,0,ALASKA VILLAGE ELECTRIC COOP,Bethel; Oscarville,478520.26,NA,0,0,1013569,1694671,295269,594983,0,0,0,0,0,0,2196,450,67,103,0,0,NA,0,0,NA,0,NA,0,April,2026,2026
A3319501026225003,0,ALASKA VILLAGE ELECTRIC COOP,Ekwok,9557.98,NA,0,0,22491,12224,4811,9865,0,0,0,0,0,0,46,19,9,3,0,0,NA,0,0,NA,0,NA,0,April,2026,2026
A3320901026225003,0,ALASKA VILLAGE ELECTRIC COOP,Kobuk,4146.83,NA,0,0,16880,11591,8278,12096,0,0,0,0,0,0,36,10,3,5,0,0,NA,0,0,NA,0,NA,0,April,2026,2026
A3321101026225003,0,NEW KOLIGANEK VILLAGE COUNCIL,Koliganek,8197.04,NA,1388,98,21769,4341,8670,18491,0,5.9631,5026,4000,29970.54,0,73,6,12,9,0,0,NA,59474,0,WIND,0,NA,0,April,2026,2026
A3321101126225003,0,NEW KOLIGANEK VILLAGE COUNCIL,Koliganek,7407.37,0,1430,76,21614,3836,6683,19253,0,5.9631,4856,4000,28956.81,0,73,6,12,9,0,0,NA,57141,0,WIND,0,NA,0,May,2026,2026
A3320101126225003,0,ALASKA POWER & TELEPHONE,Gustavus,37690.33,0,7006,668,133268,43284,4493,122707,0,4.5999,13,0,59.8,330489,508,103,7,21,0,0,NA,376,0,WIND,0,NA,0,May,2026,2026
A3318501126225003,0,NATIVE VILLAGE OF CHENEGA,Chenega Bay,6290.98,0,1717,115,4788,6300,6330,498,0,5.8518,2666,1182.23,15600.9,0,21,20,9,3,0,0,NA,26381,0,WIND,0,NA,0,May,2026,2026
A3319301126225003,0,DIOMEDE JOINT UTLITIES,Diomede,2777.94,0,4278,98,8483,16702,753,53,1831,3.63,3095,30264.28,11234.85,0,35,12,2,1,2,0,NA,34102,0,WIND,0,NA,0,May,2026,2026
A3319701126225003,0,CITY OF FALSE PASS,False Pass,9211.78,0,2687,102,9390,14867,15323,2378,3794,3.5917,2175,8245.58,7811.95,0,31,14,14,3,1,0,NA,53981,0,WIND,0,NA,0,May,2026,2026
A3319801126225003,0,G & K INC.,Cold Bay,7362.8,0,15500,340,15059,78214,6965,59333,0,7.19,15720,86062.19,113026.8,0,39,23,4,50,0,0,NA,186000,0,WIND,0,NA,0,May,2026,2026
A3319901126225003,0,CITY OF GALENA,Galena,27818.02,0,18757,758,57168,243579,50932,57746,0,3.8428,31406,91228.93,120686.98,0,202,127,14,39,0,0,NA,437190,0,WIND,0,Other,0,May,2026,2026
A3319101126225003,0,CLARKS POINT VILLAGE COUNCIL,Clark's Point,7694.64,0,0,0,10471,5772,2498,1725,22,4.1788,0,3000,0,0,23,25,5,4,2,0,NA,0,0,WIND,0,NA,0,May,2026,2026
A3318601126225003,0,CITY OF CHIGNIK,Chignik,2627.27,NA,1475,171,5481,19227,8705,582,0,3.6639,2546,7605.83,9328.29,0,40,32,14,1,0,0,NA,34404,0,WIND,0,NA,0,May,2026,2026
A3310051126225003,0,TDX ADAK GENERATING LLC,Adak,6372.67,NA,11488,133,5731,12515,8306,19447,0,5.53,5639,0,31183.67,0,67,57,13,11,0,0,NA,67375,0,WIND,0,NA,0,May,2026,2026
A3310401126225003,0,CITY OF AKUTAN,Akutan,24626.84,0,13926,110,19731,20038,14155,340,0,4.773,5935,36848.13,28327.75,0,42,26,11,1,0,0,NA,51332,20462,WIND,0,NA,0,May,2026,2026
A3310801126225003,0,ALASKA POWER & TELEPHONE,Coffman Cove,557.67,0,3600,0,77342,20496,6329,6245,0,3.4294,0,0,0,0,203,52,14,3,0,0,NA,0,0,WIND,0,NA,0,May,2026,2026
A3310901126225003,0,ALASKA POWER & TELEPHONE,Craig,2679.07,SEE NOTE,24458,10830,295321,314933,92238,64754,0,3.4294,8,0,27.44,2700661,678,317,36,26,0,0,NA,0,0,WIND,0,NA,0,May,2026,2026
A3311201126225003,0,ALASKA POWER & TELEPHONE,Haines; Covenant Life,46539.23,0,34938,2288,464953,464976,99208,91336,0,4.3062,0,0,0,1153472,1206,337,37,28,0,0,NA,0,0,WIND,0,NA,0,May,2026,2026
A3311901126225003,0,ALASKA POWER & TELEPHONE,Skagway,26944.24,Goat Lake & Kasidaya,21369,2654,296687,869251,106370,81178,0,4.3062,25253,0,108744.47,896632,641,625,43,60,0,0,NA,345796,150268,WIND,0,NA,0,May,2026,2026
A3324101126225003,0,NORTH SLOPE BOROUGH,Wainwright,1666.99,NA,25884,991,117949,371658,3953,6197,0,4.1003,43825,138893.53,179695.65,0,152,69,3,4,1,0,NA,582690,0,WIND,0,NA,0,May,2026,2026
A3324201126225003,0,NUNAM IQUA ELECTRIC COMPANY,Nunam Iqua,9586.8,NA,1725,228,17916,23430,18772,2310,248,4.5411,5714,6865.67,25947.85,0,47,14,4,5,2,0,NA,66099,0,WIND,0,Solar,2311,May,2026,2026
A3324001126225003,0,NORTH SLOPE BOROUGH,Point Lay,190.35,NA,1924,565,36491,185542,206,10965,0,5.742,25472,130814.42,146260.22,0,64,46,1,2,1,0,NA,325683,0,WIND,0,NA,0,May,2026,2026
A3323901126225003,0,NORTH SLOPE BOROUGH,Point Hope,1088.75,NA,30285,1037,124680,229288,0,1074,0,3.8227,40738,165027.01,155729.15,0,209,75,1,4,1,0,NA,526278,0,WIND,0,NA,0,May,2026,2026
A3323801126225003,0,NORTH SLOPE BOROUGH,Nuiqsut,123.14,NA,24357,1050,53364,329465,3287,3010,0,6.5154,1572,116869.57,10242.21,0,121,72,3,3,1,0,NA,26053,0,WIND,0,NaturalGas,573731,May,2026,2026
A3323701126225003,0,NORTH SLOPE BOROUGH,Kaktovik,527.05,NA,18251,732,51550,220185,0,51964,0,4.1569,30925,131006.25,128552.13,0,74,49,2,5,1,0,NA,423984,0,WIND,0,NA,0,May,2026,2026
A3323601126225003,0,NORTH SLOPE BOROUGH,Atqasuk,662.14,NA,24421,492,59081,173568,1736,2777,0,5.1557,21520,141777.58,110950.66,0,68,52,2,2,1,0,NA,261630,0,WIND,0,NA,0,May,2026,2026
A3323501126225003,0,NORTH SLOPE BOROUGH,Anaktuvuk Pass,567.87,NA,26917,635,55544,214857,1096,1910,0,6.1891,28168,130209.35,174334.57,0,107,57,2,3,1,0,NA,392047,0,WIND,0,NA,0,May,2026,2026
A3321901126225003,0,LIME VILLAGE ELECTRIC UTILITY,Lime Village,1861.5,0,0,0,1831,1981,1068,250,0,11.92,0,3000,0,0,22,1,6,1,0,0,NA,6211,0,WIND,0,NA,0,May,2026,2026
A3322001126225003,0,TDX MANLEY GENERATING LLC,Manley Hot Springs,10967.04,NA,4767,89,11905,13777,3200,7011,0,4.12,2027,0,8351.24,0,84,20,11,4,0,0,NA,25093,0,WIND,0,Solar,22200,May,2026,2026
A3321301126225003,0,KOTZEBUE ELECTRIC ASSOCIATION,Kotzebue,123368.84,0,35492,2885,525209,764484,140375,54619,0,3.1152,95884,0,298697.84,0,1084,108,26,64,0,0,NA,1333010,0,WIND,39116,Solar,209128,May,2026,2026
A3321601126225003,0,KWIGILLINGOK IRA COUNCIL,Kwigillingok,10909.65,0,3766,158,19046,45050,3915,488,4094,4.8756,7043,0,34338.85,0,89,19,3,2,2,0,NA,90340,0,WIND,0,NA,0,May,2026,2026
A3323001126225003,0,NAPASKIAK ELECTRIC UTILITY,Napaskiak,12568.15,0,1957,92,31123,39145,3160,939,2384,4.6184,6499,50022.98,30014.98,0,107,22,5,1,12,0,NA,88414,0,WIND,0,NA,0,May,2026,2026
A3325601126225003,0,ST. PAUL MUNICIPAL ELECTRIC,St. Paul,29334.93,NA,7995,410,51079,81838,25463,59794,0,6.55,20258,36580,132689.9,0,123,57,30,16,0,0,NA,230828,0,WIND,0,NA,0,May,2026,2026
A3325101126225003,0,PUVURNAQ POWER COMPANY,Kongiganak,24060.98,NA,4286,208,52931,20960,7752,595,1493,4.701,14978,45358.97,70411.58,0,165,14,5,2,10,0,NA,91410,0,WIND,20552,NA,0,May,2026,2026
A3325001126225003,0,PORT HEIDEN UTILITIES,Port Heiden,6078.58,0,0,0,12640,7148,3967,5370,0,4.9847,0,3000,0,0,53,20,8,11,0,0,NA,0,0,WIND,0,NA,0,May,2026,2026
A3324501126225003,0,PEDRO BAY VILLAGE COUNCIL,Pedro Bay,3511.13,n/a,1520,56,6306,7975,2178,82,0,5.865,1924,5108.2,11284.26,0,23,14,4,1,0,0,NA,19578,0,WIND,0,NA,0,May,2026,2026
A3328901126225003,0,CITY OF WHITE MOUNTAIN,White Mountain,10819.79,NA,3100,134,24634,27094,7137,759,0,3.4456,6066,32983.88,20901.01,0,72,26,8,4,0,0,NA,65973,0,WIND,0,NA,0,May,2026,2026
A3326101126225003,0,TATITLEK VILLAGE IRA COUNCIL,Tatitlek,7569.19,0,2368,108,8061,3591,3444,7170,608,5.2997,3211,3000,17017.34,0,39,16,5,6,5,0,NA,29795,0,WIND,0,NA,0,May,2026,2026
A3325401126225003,0,TDX CORPORATION,Sand Point,46478.64,NA,6223,573,91097,111483,44679,29263,92,4.16,22668,0,94298.88,0,230,99,25,15,3,0,NA,304100,0,WIND,0,NA,0,May,2026,2026
A3325501126225003,0,CITY OF ST. GEORGE,St. George,5730.49,0,2604,60,7053,12969,8671,8641,6272,10.9947,4177,3000,45924.86,0,39,13,7,12,4,0,NA,50641,0,WIND,0,NA,0,May,2026,2026
A3327201226225003,0,TUNTUTULIAK COMMUNITY SERVICES ASSOCIATION,Tuntutuliak,23672.56,NA,7371,197,45029,32965,3242,2398,780,4.6418,7472,35845.69,34683.53,0,155,26,8,5,7,0,NA,94260,0,WIND,0,NA,0,June,2026,2026
A3325401226225003,0,TDX CORPORATION,Sand Point,48480.41,NA,5647,571,82881,128007,33317,25331,109,4.536,21225,0,96276.6,0,227,101,25,15,3,0,NA,311789,0,WIND,0,NA,0,June,2026,2026
A3325501226225003,0,CITY OF ST. GEORGE,St. George,5166.97,0,2265,60,5110,5305,5926,5643,5181,10.9947,3283,3000,36095.6,0,39,13,7,12,4,0,NA,38825,0,WIND,0,NA,0,June,2026,2026
A3326301226225003,0,CITY OF TENAKEE SPRINGS,Tenakee Springs,9217.98,0,1177,132,20126,4143,1994,162,0,5.73,2419,4978.28,13860.87,0,136,26,15,1,0,0,NA,30523,0,WIND,0,NA,0,June,2026,2026
A3328901226225003,0,CITY OF WHITE MOUNTAIN,White Mountain,9872.24,NA,2770,116,21242,27355,7675,553,0,3.4456,5241,85667.88,18058.39,0,72,26,8,4,0,0,NA,56863,0,WIND,0,NA,0,June,2026,2026
A3324801226225003,0,PILOT POINT ELECTRIC UTILITY,Pilot Point,6138.33,n/a,2003,121,13568,11607,2290,1965,59,5.2,3128,1849.42,16265.6,0,40,22,9,4,1,0,NA,36417,0,WIND,0,Other,0,June,2026,2026
A3325001226225003,0,PORT HEIDEN UTILITIES,Port Heiden,5163.43,0,0,0,12236,9263,1494,2546,0,4.9847,0,3000,0,0,53,20,8,11,0,0,NA,0,0,WIND,0,NA,0,June,2026,2026
A3324401226225003,0,CITY OF OUZINKIE,Ouzinkie,7593.13,N/A,1773,57,19814,17915,10420,1069,0,4.1695,3558,17957.22,14835.08,0,72,23,14,3,0,0,NA,34720,21800,WIND,0,NA,0,June,2026,2026
A3325101226225003,0,PUVURNAQ POWER COMPANY,Kongiganak,22411.83,NA,4183,208,47187,14077,7702,270,423,4.701,14978,240162.7,70411.58,0,165,14,5,2,10,0,NA,90110,0,WIND,0,NA,0,June,2026,2026
A3325301226225003,0,CITY OF RUBY,Ruby,10338.52,NA,2303,154,18689,14484,4557,1051,0,5.5166,3431,31236.08,18927.45,0,102,22,13,4,0,0,NA,41285,0,WIND,0,NA,0,June,2026,2026
A3325801226225003,0,TAKOTNA COMMUNITY ASSOC INC,Takotna,7262.17,0,2794,57,6747,3885,3793,689,140,5.5141,2267,0,12500.46,0,28,15,5,2,1,0,NA,20913,0,WIND,0,NA,0,June,2026,2026
A3326001226225003,0,TANANA POWER COMPANY INC.,Tanana,12943.37,NA,1675,185,25250,36179,13090,7097,0,3.7389,6713,35273.91,25099.24,0,108,41,6,6,0,0,NA,92186,0,WIND,0,NA,0,June,2026,2026
A3326101226225003,0,TATITLEK VILLAGE IRA COUNCIL,Tatitlek,10014.03,NA,2508,100,13682,5475,4312,8954,770,5.7382,3075,3000,17644.97,0,39,14,5,6,5,0,NA,36010,0,WIND,0,NA,0,June,2026,2026
A3323001226225003,0,NAPASKIAK ELECTRIC UTILITY,Napaskiak,11249.49,NA,2453,492,27531,24345,3155,108,1704,4.6184,5838,42274.19,26962.22,0,107,22,5,1,11,0,NA,73208,0,WIND,0,NA,0,June,2026,2026
A3323101226225003,0,NATERKAQ LIGHT PLANT,Chefornak,14121.43,0,3004,392,39103,17364,4794,36274,356,4.5549,8266,34589.42,37650.8,0,124,7,17,13,6,0,NA,96927,0,WIND,13064,NA,0,June,2026,2026
A3323201226225003,0,NELSON LAGOON ELECTRICAL COOP,Nelson Lagoon,7232.96,0,897,96,9633,19778,2048,668,0,5.33,3225,2524,17189.25,0,33,23,8,2,0,0,NA,24048,0,WIND,0,Other,0,June,2026,2026
A3321601226225003,0,KWIGILLINGOK IRA COUNCIL,Kwigillingok,9885.02,NA,3366,106,15429,28559,5183,629,1550,4.8756,5130,40060.17,25011.83,0,89,19,3,2,1,0,NA,61410,0,WIND,0,NA,0,June,2026,2026
A3321801226225003,0,LEVELOCK ELECTRICAL COOP,Levelock,7499.27,NA,2157,90,8233,12176,5259,444,639,4.9467,2790,68456.61,13801.29,0,30,24,8,3,10,0,NA,31339,0,WIND,0,NA,0,June,2026,2026
A3321501226225003,0,KWETHLUK INCORPORATED,Kwethluk,28169.33,n/a,2591,483,71607,51471,399,1679,3972,6.7152,10402,86370.65,69851.51,0,187,20,1,6,13,0,NA,146343,0,WIND,0,Other,0,June,2026,2026
A3322201226225003,0,MCGRATH LIGHT & POWER,McGrath,20647.44,0,5623,307,35150,50615,8967,39969,0,5.1553,11311,0,58311.6,0,144,52,13,30,1,0,NA,157751,0,WIND,0,NA,0,June,2026,2026
A3322301226225003,0,MIDDLE KUSKOKWIM ELECTRIC COOPERATIVE INC,Chuathbaluk,5081.5,NA,955,40,5284,5509,1570,197,0,4.6999,1514,11147.9,7115.65,0,26,3,9,3,1,0,NA,14907,0,WIND,0,NA,0,June,2026,2026
A3322401226225003,0,MIDDLE KUSKOKWIM ELECTRIC COOPERATIVE INC,Crooked Creek,5470.28,0,800,45,6141,6716,2126,904,0,4.6999,1800,42897.25,8459.82,0,27,11,4,4,0,0,NA,18188,0,WIND,0,NA,0,June,2026,2026
A3322501226225003,0,MIDDLE KUSKOKWIM ELECTRIC COOPERATIVE INC,Red Devil,1583.9,0,257,27,2094,858,0,185,0,4.6999,610,11112.15,2866.94,0,11,4,0,2,0,0,NA,3437,0,WIND,0,NA,0,June,2026,2026
A3322601226225003,0,MIDDLE KUSKOKWIM ELECTRIC COOPERATIVE INC,Sleetmute,5110.24,0,1331,64,4140,4156,4596,2329,0,4.6999,2322,16546.27,10913.17,0,25,6,5,3,1,0,NA,18278,0,WIND,0,NA,0,June,2026,2026
A3322701226225003,0,MIDDLE KUSKOKWIM ELECTRIC COOPERATIVE INC,Stony River,2903.82,0,2994,30,3337,1821,1302,0,0,4.6999,1490,16546.27,7002.85,0,17,6,4,1,0,0,NA,10864,0,WIND,0,NA,0,June,2026,2026
A3322901226225003,0,NAPAKIAK IRCINRAQ,Napakiak,10281.47,AVEC,0,0,25108,10167,2392,1099,4253,0.4279,0,75226.4,0,37344,92,8,4,8,5,0,NA,0,0,WIND,0,NA,0,June,2026,2026
A3322001226225003,0,TDX MANLEY GENERATING LLC,Manley Hot Springs,11527.24,NA,4896,92,13053,18124,3117,5509,0,4.04,2161,0,8730.44,0,82,20,11,4,0,0,NA,26013,0,WIND,0,Solar,25560,June,2026,2026
A3310401226225003,0,CITY OF AKUTAN,Akutan,13669.54,0,5005,85,9227,8293,9460,135,0,4.2026,2832,8288.88,11901.76,0,42,26,11,1,0,0,NA,33936,0,WIND,0,NA,0,June,2026,2026
A3310201226225003,0,AKIACHAK NATIVE COMMUNITY,Akiachak,29053.83,0,2854,279,65734,18855,14336,18143,1923,4.6998,7860,112195.98,36940.43,0,211,36,12,10,3,0,NA,106624,0,WIND,24842,NA,0,June,2026,2026
A3318701226225003,0,CHIGNIK LAGOON POWER UTILITY,Chignik Lagoon,8360.02,NA,629,3,16099,9280,3767,600,0,4.6014,66,6012.26,303.69,0,67,13,7,1,0,0,NA,519,20427,WIND,0,NA,0,June,2026,2026
A3318801226225003,0,CHIGNIK LAKE ELECTRIC UTILITY,Chignik Lake,7556.58,0,853,64,10963,4523,6010,13680,0,4.7519,2293,3000,10896.11,0,43,3,9,1,1,0,NA,39371,0,WIND,0,NA,0,June,2026,2026
A3318901226225003,0,CHITINA ELECTRIC INC.,Chitina,8362,NA,2514,127,8714,24884,2738,1502,383,4.237,3156,20314.17,13371.97,0,48,36,4,3,1,0,NA,42814,0,WIND,0,NA,0,June,2026,2026
A3319001226225003,0,CIRCLE ELECTRIC LLC,Circle,9162.89,NA,2261,48,8565,2403,5779,3293,0,5.6988,2089,12349.83,11904.79,0,36,5,6,3,0,0,NA,24488,0,WIND,0,NA,0,June,2026,2026
A3319101226225003,0,CLARKS POINT VILLAGE COUNCIL,Clark's Point,8761.56,NA,0,0,10744,9553,2961,1574,25,4.1788,0,3000,0,0,29,8,6,4,2,0,NA,0,0,WIND,0,NA,0,June,2026,2026
A3319201226225003,0,CORDOVA ELECTRIC,Cordova: Eyak,63963.19,0,40195,5304,366747,1410234,178176,91214,0,5.8897,1055,0,6213.63,0,1000,659,48,45,0,0,NA,13427,2211403,WIND,0,Other,0,June,2026,2026
A3318301226225003,0,GOLD COUNTRY ENERGY,Central,11742.05,NA,1439,85,17456,6478,344,1930,0,5.4848,2750,7842.59,15083.2,0,121,15,1,5,0,0,NA,33487,0,WIND,0,NA,0,June,2026,2026
A3320001226225003,0,GOLOVIN POWER UTILITIES,Golovin,8480.96,0,2931,90,20121,30352,13519,816,486,3.7068,5262,14486.48,19505.18,0,51,40,11,5,5,0,NA,69524,0,WIND,0,NA,0,June,2026,2026
A3319601226225003,0,ELFIN COVE UTILITY COMMISSION,Elfin Cove,2915.94,0,2042,200,11642,52982,797,144,1440,5.93,5317,16114.02,31529.81,0,35,39,6,1,1,0,NA,69607,0,WIND,0,NA,0,June,2026,2026
A3320201226225003,0,GWITCHYAA ZHEE UTILITY COMPANY,Fort Yukon,68468.95,0,11076,452,77497,82399,43902,19143,0,7.2001,17968,52983,129371.4,0,264,61,21,17,0,0,NA,261352,0,WIND,0,NA,0,June,2026,2026
A3320501226225003,0,ILIAMNA NEWHALEN NONDALTON,Iliamna; Newhalen; Nondalton,23212.63,NA,20364,554,60488,117149,15897,14885,0,4.5834,2,0,9.17,0,190,94,15,12,0,0,NA,28,250980,WIND,0,NA,0,June,2026,2026
A3320601226225003,0,IPNATCHIAQ ELECTRIC COMPANY,Deering,15578.66,NA,2475,112,18052,24489,15063,2115,145,4.15,4674,32126.24,19397.1,0,47,14,5,5,3,0,NA,50548,0,WIND,6262,Solar,6423,June,2026,2026
A3321101226225003,0,NEW KOLIGANEK VILLAGE COUNCIL,Koliganek,6783.57,NA,1620,90,19362,2637,5745,13603,0,5.9631,4140,4000,24687.23,0,73,6,12,9,0,0,NA,46724,0,WIND,0,NA,0,June,2026,2026
A3317601226225003,0,ANIAK LIGHT & POWER,Aniak,28176.93,NA,216,330,58226,41453,10234,24906,551,4.4379,14102,119625.83,62583.27,0,154,17,4,6,1,0,NA,164100,0,WIND,0,NA,0,June,2026,2026
A3317801226225003,0,ATMAUTLUAK TRIBAL UTILITIES,Atmautluak,17578.75,NA,4095,146,29501,19308,9503,769,224,4.7562,5495,13998.4,26135.32,0,80,9,8,5,2,0,NA,64200,0,WIND,2493,NA,0,June,2026,2026
A3326500127225003,0,INSIDE PASSAGE ELECTRIC,Angoon,29560.08,NA,5552,328,63104,88260,13363,2976,0,4.2639,14287,0,60918.34,0,191,32,7,8,0,0,NA,184391,0,WIND,0,NA,0,July,2027,2026
A3326700127225003,0,INSIDE PASSAGE ELECTRIC,Hoonah,77995.32,NA,13764,934,162564,279166,50125,11451,0,4.2639,28975,0,123546.5,0,436,82,27,13,0,0,NA,465466,82743,WIND,0,NA,0,July,2027,2026
A3326800127225003,0,INSIDE PASSAGE ELECTRIC,Kake,34318.21,NA,8177,273,69075,66374,13819,3240,0,4.2639,9393,0,40050.81,0,226,51,12,7,0,0,NA,147212,26540,WIND,0,NA,0,July,2027,2026
A3326900127225003,0,INSIDE PASSAGE ELECTRIC,Chilkat Valley/Klukwan,33919.52,Alaska Power & Telephone,4167,307,69292,34282,10532,4856,0,4.2639,0,0,0,720,278,28,11,18,0,0,NA,0,140160,WIND,0,NA,0,July,2027,2026
