identifier,line_no,utility,community,amount,purchased_from,powerhouse_consumption_kwh,peak_consumption_kw,residential_sold_to,commercial_sold_to,com_facil_sold_to,govt_facil_sold_to,unbilled_sold_to,most_recent_fuel_purch_price,fuel_used_gallons,non_fuel_expenses,fuel_cost,total_kwh_purchased,residential_customers,commercial_customers,com_facil_customers,govt_facil_customers,unbilled_customers,other_customers,other_customers_description,diesel_kwh_generated,hydro_kwh_generated,other_1_kwh_type,other_1_kwh_generated,other_2_kwh_type,other_2_kwh_generated,umr_month,fiscal_year,calendar_year
A3325200626225003,0,RAMPART VILLAGE COUNCIL,Rampart,7202.38,NA,1388,90,22507,18025,6502,3411,0,6.0387,4476,9113.33,27029.22,0,40,5,4,6,2,0,NA,57937,0,WIND,0,NA,0,December,2026,2025
A3325200726225003,0,RAMPART VILLAGE COUNCIL,Rampart,7361.29,NA,1146,75,21398,17888,5929,4408,0,6.0387,745,11955.65,4498.83,0,40,6,4,6,2,0,NA,55184,0,WIND,0,NA,0,January,2026,2026
A3324200726225003,0,NUNAM IQUA ELECTRIC COMPANY,Nunam Iqua,12239.7,NA,1776,244,31708,41992,24699,3133,328,4.5411,8765,9405.14,39802.74,0,49,14,4,5,2,0,NA,110343,0,WIND,0,NA,0,January,2026,2026
A3318800726225003,0,CHIGNIK LAKE ELECTRIC UTILITY,Chignik Lake,6790,0,963,60,10362,3723,3668,9120,0,4.2026,2924,3000,12288.4,0,44,3,9,1,1,0,NA,30884,0,WIND,0,NA,0,January,2026,2026
A3318800826225003,0,CHIGNIK LAKE ELECTRIC UTILITY,Chignik Lake,6790,NA,963,60,10362,3725,3668,9120,0,4.7519,2924,3000,13894.56,0,44,3,9,1,1,0,NA,30884,0,WIND,0,NA,0,February,2026,2026
A3310050826225003,0,TDX ADAK GENERATING LLC,Adak,9993.56,NA,18153,207,10238,18528,15551,35682,0,5.53,8701,0,48116.53,0,68,53,13,11,0,0,NA,112810,0,WIND,0,NA,0,February,2026,2026
A3324200826225003,0,NUNAM IQUA ELECTRIC COMPANY,Nunam Iqua,10702.22,NA,1696,222,23068,34042,17218,2585,326,4.5411,6699,10027.86,30420.83,0,47,14,4,5,2,0,NA,82728,0,WIND,0,NA,0,February,2026,2026
A3325200826225003,0,RAMPART VILLAGE COUNCIL,Rampart,6940.18,NA,1458,99,18688,12777,9346,3071,0,6.0387,1599,7661.56,9655.88,0,40,6,4,6,2,0,NA,49436,0,WIND,0,NA,0,February,2026,2026
A3322000826225003,0,TDX MANLEY GENERATING LLC,Manley Hot Springs,17680.85,NA,4034,152,19084,19636,6872,11504,0,4.23,5619,0,23768.37,0,80,19,11,4,0,0,NA,71656,0,WIND,0,Solar,120,February,2026,2026
A3322000926225003,0,TDX MANLEY GENERATING LLC,Manley Hot Springs,16227.8,NA,3846,103,16357,18290,6767,12017,0,4.23,4702,0,19889.46,0,80,20,11,4,0,0,NA,62122,0,WIND,0,Solar,5760,March,2026,2026
A3319100926225003,0,CLARKS POINT VILLAGE COUNCIL,Clark's Point,10310.04,0,2631,80,10836,10439,5518,1893,0,4.1788,0,3000,0,0,51,9,6,4,2,0,NA,53805,0,WIND,0,NA,0,March,2026,2026
A3320100926225003,0,ALASKA POWER & TELEPHONE,Gustavus,38907.64,Gustavus Inc.,10712,701,145756,38200,5561,117514,0,4.5999,9428,0,43367.86,211860,509,102,7,21,0,0,NA,136440,0,WIND,0,NA,0,March,2026,2026
A3325200926225003,0,RAMPART VILLAGE COUNCIL,Rampart,6833.22,NA,1492,69,18774,32739,7537,4111,0,6.0387,3441,10103.23,20779.17,0,40,6,4,6,2,0,NA,47177,0,WIND,0,NA,0,March,2026,2026
A3325000926225003,0,PORT HEIDEN UTILITIES,Port Heiden,9064.11,0,0,0,20642,6258,2169,9939,0,4.9847,0,3000,0,0,50,21,6,11,0,0,NA,0,0,WIND,0,NA,0,March,2026,2026
A3324200926225003,0,NUNAM IQUA ELECTRIC COMPANY,Nunam Iqua,11875.72,NA,1706,230,28598,41311,17372,2929,329,4.5411,7233,13970.52,32845.78,0,47,14,4,5,2,0,NA,92166,0,WIND,0,NA,0,March,2026,2026
A3324800926225003,0,PILOT POINT ELECTRIC UTILITY,Pilot Point,4998.46,n/a,2599,105,9580,15351,4082,4131,0,5.2,3935,3152.47,20462,0,23,16,9,4,0,0,NA,44930,0,WIND,0,NA,0,March,2026,2026
A3323500926225003,0,NORTH SLOPE BOROUGH,Anaktuvuk Pass,1054.98,NA,23773,799,99891,257500,1114,3117,0,6.1891,35163,97873.92,217627.32,0,107,57,2,3,1,0,NA,504598,0,WIND,0,NA,0,March,2026,2026
A3323600926225003,0,NORTH SLOPE BOROUGH,Atqasuk,1296.31,NA,29172,615,69582,218804,7878,2712,0,5.1557,26627,104212.27,137280.82,0,68,52,2,2,1,0,NA,362489,0,WIND,0,NA,0,March,2026,2026
A3323700926225003,0,NORTH SLOPE BOROUGH,Kaktovik,970.1,NA,21451,997,92552,252481,2873,65099,0,4.1569,41108,103245.72,170881.85,0,75,46,2,5,1,0,NA,584656,0,WIND,0,NA,0,March,2026,2026
A3323800926225003,0,NORTH SLOPE BOROUGH,Nuiqsut,471.28,NA,23693,3802,98081,514814,6904,4385,0,6.5154,18632,93599.76,121394.93,0,121,71,3,3,1,0,NA,257150,0,WIND,0,NaturalGas,583626,March,2026,2026
A3323900926225003,0,NORTH SLOPE BOROUGH,Point Hope,2242.42,NA,25444,1152,250256,347391,544,3984,0,3.8227,52823,130024.6,201926.48,0,209,75,1,4,1,0,NA,684240,0,WIND,0,NA,0,March,2026,2026
A3324000926225003,0,NORTH SLOPE BOROUGH,Point Lay,369.18,NA,2441,590,40407,212573,1751,5033,0,5.742,29952,79799.58,171984.38,0,64,46,1,2,1,0,NA,368878,0,WIND,0,NA,0,March,2026,2026
A3324100926225003,0,NORTH SLOPE BOROUGH,Wainwright,2731.43,NA,34553,1173,157280,443737,12942,5586,0,4.1003,52817,114804.41,216565.55,0,152,69,3,4,1,0,NA,725200,0,WIND,0,NA,0,March,2026,2026
A3310050926225003,0,TDX ADAK GENERATING LLC,Adak,9397.51,NA,15048,180,9120,16131,14023,28625,0,5.53,8405,0,46479.65,0,68,53,13,11,0,0,NA,99780,0,WIND,0,NA,0,March,2026,2026
A3310500926225003,0,ALASKA POWER & TELEPHONE,Allakaket; Alatna,22585.35,0,6041,161,19657,3248,29379,14654,0,6.2564,6055,0,37882.5,0,68,8,17,7,0,0,NA,69687,0,WIND,0,NA,0,March,2026,2026
A3310600926225003,0,ALASKA POWER & TELEPHONE,Bettles; Evansville,6020.94,0,4541,115,8676,7555,5601,21086,0,4.9562,4751,0,23546.91,0,29,16,8,14,0,0,NA,54208,0,WIND,0,NA,0,March,2026,2026
A3310700926225003,0,ALASKA POWER & TELEPHONE,Chistochina,8942.27,0,116,0,13423,16287,2087,0,0,3.0954,0,0,0,0,51,18,2,0,0,0,NA,0,0,WIND,0,NA,0,March,2026,2026
A3310800926225003,0,ALASKA POWER & TELEPHONE,Coffman Cove,593.41,0,4152,0,87456,23051,7748,6006,0,3.4294,0,0,0,0,203,51,14,3,0,0,NA,0,0,WIND,0,NA,0,March,2026,2026
A3310900926225003,0,ALASKA POWER & TELEPHONE,Craig,2900.66,see notes,27112,10093,358144,329915,107888,81001,0,3.4294,2685,0,9207.94,3057331,678,314,36,26,0,0,NA,33624,0,WIND,0,NA,0,March,2026,2026
A3311000926225003,0,ALASKA POWER & TELEPHONE,Dot Lake; Dot Lake Village,3589.82,0,0,0,10768,14988,5233,8621,0,3.2141,0,0,0,0,26,11,6,4,0,0,NA,0,0,WIND,0,NA,0,March,2026,2026
A3311100926225003,0,ALASKA POWER & TELEPHONE,Eagle; Eagle Village,23613.3,0,5156,141,25801,13242,6678,22358,0,3.6881,6429,0,23710.79,0,141,17,10,17,0,0,NA,76206,0,WIND,0,Solar,2108,March,2026,2026
A3311200926225003,0,ALASKA POWER & TELEPHONE,Haines; Covenant Life,50693.96,see note,39028,2888,575944,557885,110022,108392,0,4.3062,2967,0,12776.5,1428196,1199,339,37,28,0,0,NA,38982,0,WIND,0,NA,0,March,2026,2026
A3311300926225003,0,ALASKA POWER & TELEPHONE,Healy Lake,1875.12,0,382,20,2085,1662,5011,0,0,3.882,1542,0,5986.04,0,11,2,3,0,0,0,NA,10062,0,WIND,0,NA,0,March,2026,2026
A3311400926225003,0,ALASKA POWER & TELEPHONE,Hollis,451.98,0,1384,0,77360,409313,0,1227,0,3.4294,0,0,0,0,137,22,0,8,0,0,NA,0,0,WIND,0,NA,0,March,2026,2026
A3311500926225003,0,ALASKA POWER & TELEPHONE,Hydaburg,529.15,0,3512,0,50712,38230,15947,28312,0,3.4294,0,0,0,0,114,48,7,12,0,0,NA,0,0,WIND,0,NA,0,March,2026,2026
A3311550926225003,0,ALASKA POWER & TELEPHONE,Klawock,1960.91,0,19134,0,239981,408667,51469,33229,0,3.4294,0,0,0,0,413,140,20,16,0,0,NA,0,0,WIND,0,NA,0,March,2026,2026
A3311600926225003,0,ALASKA POWER & TELEPHONE,Mentasta,13935.19,0,0,0,17505,10320,5997,6419,0,3.0954,0,0,0,0,58,11,7,4,0,0,NA,0,0,WIND,0,NA,0,March,2026,2026
A3311700926225003,0,ALASKA POWER & TELEPHONE,Naukati,305.49,0,2376,0,52062,16847,0,7560,0,3.4294,0,0,0,0,87,20,0,2,0,0,NA,0,0,WIND,0,NA,0,March,2026,2026
A3318800926225003,0,CHIGNIK LAKE ELECTRIC UTILITY,Chignik Lake,6790,0,963,60,10362,3725,3668,9120,0,4.7519,2924,3000,13894.56,0,44,3,9,1,1,0,NA,30884,0,WIND,0,NA,0,March,2026,2026
A3311800926225003,0,ALASKA POWER & TELEPHONE,Northway; Northway Village,27892.89,0,3672,236,44184,33485,11747,25860,0,3.2852,9237,0,30345.39,0,96,20,9,16,0,0,NA,127119,0,WIND,0,NA,0,March,2026,2026
A3311900926225003,0,ALASKA POWER & TELEPHONE,Skagway,26469.44,Goat Lake & Kasidaya,23875,2387,313660,576973,111871,111553,0,4.3062,44322,0,190859.4,590730,616,615,43,60,0,0,NA,620548,44069,WIND,0,NA,0,March,2026,2026
A3311950926225003,0,ALASKA POWER & TELEPHONE,Slana,13461.74,0,2904,220,26178,8258,0,11025,0,3.0954,9580,0,29653.93,0,68,13,0,5,0,0,NA,133306,0,WIND,0,NA,0,March,2026,2026
A3312000926225003,0,ALASKA POWER & TELEPHONE,Tetlin,6322.02,0,0,0,20351,4239,7138,9155,0,3.2141,0,0,0,0,64,7,5,3,0,0,NA,0,0,WIND,0,NA,0,March,2026,2026
A3312100926225003,0,ALASKA POWER & TELEPHONE,Thorne Bay; Kasaan,1355.65,0,5357,0,181616,75164,31275,48913,0,3.4294,0,0,0,0,331,127,26,37,0,0,NA,0,0,WIND,0,NA,0,March,2026,2026
A3312200926225003,0,ALASKA POWER & TELEPHONE,Tok; Tanacross,113231,0,23007,1971,419061,301723,66053,108995,0,3.2141,75985,0,244223.39,0,803,150,37,47,0,0,NA,1105070,0,WIND,0,NA,0,March,2026,2026
A3312300926225003,0,ALASKA POWER & TELEPHONE,Whale Pass,166,0,899,90,26659,9569,446,4194,0,3.4294,2667,0,9146.21,0,87,16,2,3,0,0,NA,46848,0,WIND,0,NA,0,March,2026,2026
A3328500926225003,0,UNALAKLEET VALLEY ELECTRIC,Unalakleet,37658.77,NA,34736,774,112675,105012,62224,42311,2106,3.9517,23344,93292,92248.48,0,277,40,23,43,1,0,NA,365203,0,WIND,0,NA,0,March,2026,2026
A3328800926225003,0,VENETIE VILLAGE ELECTRIC,Venetie,16805.2,0,0,112,25026,8587,6799,706,0,6.1242,0,3000,0,0,98,16,10,1,3,0,NA,0,0,WIND,0,NA,0,March,2026,2026
A3327401026225003,0,UMNAK POWER COMPANY,Nikolski,3707.61,NA,1605,64,4337,6256,6603,874,0,7.7632,3493,7149,27116.86,0,14,10,7,1,0,0,NA,20637,0,WIND,0,NA,0,April,2026,2026
A3328601026225003,0,CITY OF UNALASKA,Unalaska,110734.93,NA,75519,6703,337347,2658391,248053,28701,0,3.4396,217315,467766.91,747476.67,0,790,173,57,12,0,0,NA,3415386,0,WIND,0,NA,0,April,2026,2026
A3328701026225003,0,UNGUSRAQ POWER COMPANY,Newtok; Mertavik,21136.48,0,3653,240,39259,20688,0,1277,0,5.5066,12648,3000,69647.48,0,68,8,3,5,0,0,NA,123496,0,WIND,0,NA,0,April,2026,2026
A3328801026225003,0,VENETIE VILLAGE ELECTRIC,Venetie,16790.74,0,0,0,25062,4590,6801,706,0,6.1242,0,3000,0,0,98,16,10,1,3,0,NA,0,0,WIND,0,NA,0,April,2026,2026
A3328501026225003,0,UNALAKLEET VALLEY ELECTRIC,Unalakleet,34582.3,NA,18855,1062,116552,106399,54182,32580,252,3.9517,22699,92699,89699.64,0,278,40,23,43,1,0,NA,358211,0,WIND,0,NA,0,April,2026,2026
A3326001026225003,0,TANANA POWER COMPANY INC.,Tanana,16448.24,NA,2667,252,29044,48105,18295,10869,0,3.7389,8616,28566.08,32214.36,0,106,42,6,6,0,0,NA,118060,0,WIND,0,NA,0,April,2026,2026
A3325201026225003,0,RAMPART VILLAGE COUNCIL,Rampart,6515.39,NA,2078,61,13361,10160,4811,1349,0,6.0387,2741,7261.7,16552.08,0,40,6,4,6,2,0,NA,33001,0,WIND,0,NA,0,April,2026,2026
A3327101026225003,0,TULUKSAK TRADITIONAL,Tuluksak,21485.32,NA,1798,147,36666,21365,3970,1396,1990,12.4372,7312,14616.86,90940.81,0,106,8,6,4,2,0,NA,78799,0,WIND,0,NA,0,April,2026,2026
A3317401026225003,0,KARLUK IRA TRIBAL COUNCIL,Karluk,3782.53,NA,199,44,7502,6600,1335,0,712,4.4895,1531,5622.15,6873.42,0,14,9,4,1,1,0,NA,17759,0,WIND,0,NA,0,April,2026,2026
A3312201026225003,0,ALASKA POWER & TELEPHONE,Tok; Tanacross,102641.28,0,19303,1773,351533,260444,58908,100248,0,3.2141,67797,0,217906.34,0,798,149,37,47,0,0,NA,1009177,0,WIND,0,NA,0,April,2026,2026
A3312301026225003,0,ALASKA POWER & TELEPHONE,Whale Pass,187.13,0,861,90,29270,9569,458,3414,0,3.4294,3340,0,11454.2,0,87,16,2,3,0,0,NA,48999,0,WIND,0,NA,0,April,2026,2026
A3312001026225003,0,ALASKA POWER & TELEPHONE,Tetlin,6066.35,0,0,0,18540,3548,6104,8826,0,3.2141,0,0,0,0,58,7,5,3,0,0,NA,0,0,WIND,0,NA,0,April,2026,2026
A3312101026225003,0,ALASKA POWER & TELEPHONE,Thorne Bay; Kasaan,1381.08,0,5808,0,182732,81434,30648,51784,0,3.4294,0,0,0,0,331,125,26,37,0,0,NA,0,0,WIND,0,NA,0,April,2026,2026
A3311901026225003,0,ALASKA POWER & TELEPHONE,Skagway,27290.44,Goat Lake & Kasidaya,23875,2695,307374,709713,115285,101233,0,4.3062,54294,0,233800.82,495337,634,324,43,60,0,0,NA,765086,31284,WIND,0,NA,0,April,2026,2026
A3311951026225003,0,ALASKA POWER & TELEPHONE,Slana,13037.25,0,2636,217,23546,7387,0,10380,0,3.0954,10079,0,31198.54,0,68,13,0,5,0,0,NA,128659,0,WIND,0,NA,0,April,2026,2026
A3318801026225003,0,CHIGNIK LAKE ELECTRIC UTILITY,Chignik Lake,6790,0,963,60,10362,3725,3668,9120,0,4.7519,2924,3000,13894.56,0,44,3,9,1,1,0,NA,30884,0,WIND,0,NA,0,April,2026,2026
A3318301026225003,0,GOLD COUNTRY ENERGY,Central,7900.99,NA,1182,75,17480,6156,314,4341,0,3.4916,2895,8744.32,10108.18,0,120,16,1,5,0,0,NA,36029,0,WIND,0,NA,0,April,2026,2026
A3318901026225003,0,CHITINA ELECTRIC INC.,Chitina,6880.79,NA,1684,78,7756,17617,2450,3474,383,3.287,2725,12539.46,8957.07,0,42,36,3,2,1,0,NA,36256,0,WIND,0,NA,0,April,2026,2026
A3317601026225003,0,ANIAK LIGHT & POWER,Aniak,29809.22,NA,1550,400,71046,48567,10505,32077,1087,4.4384,15169,44488,67326.09,0,151,17,4,6,1,0,NA,200500,0,WIND,0,NA,0,April,2026,2026
A3317701026225003,0,ARCTIC VILLAGE COUNCIL,Arctic Village,18884.31,0,16508,120,22080,18527,5413,406,5701,6.9111,7284,3000,50340.45,0,75,5,5,2,11,0,NA,85708,0,WIND,0,NA,0,April,2026,2026
A3310301026225003,0,AKIAK CITY COUNCIL,Akiak,16783.33,0,2769,159,39971,10235,3633,0,1015,9.5,7316,43989.77,69502,0,105,29,14,3,2,0,NA,89352,0,WIND,0,NA,0,April,2026,2026
A3310501026225003,0,ALASKA POWER & TELEPHONE,Allakaket; Alatna,23014.98,0,6750,127,18611,3436,22681,13739,0,6.2564,5283,0,33052.56,0,68,8,17,7,0,0,NA,70162,0,WIND,0,NA,0,April,2026,2026
A3311701026225003,0,ALASKA POWER & TELEPHONE,Naukati,303.26,0,1680,0,48773,14937,0,5680,0,3.4294,0,0,0,0,87,20,0,2,0,0,NA,0,0,WIND,0,NA,0,April,2026,2026
A3311801026225003,0,ALASKA POWER & TELEPHONE,Northway; Northway Village,24968.05,0,3960,211,38564,29525,10010,20882,0,3.2852,8332,0,27372.29,0,95,20,9,16,0,0,NA,112697,0,WIND,0,NA,0,April,2026,2026
A3311551026225003,0,ALASKA POWER & TELEPHONE,Klawock,1957.85,0,19420,0,241242,438955,53517,33151,0,3.4294,0,0,0,0,411,144,20,16,0,0,NA,0,0,WIND,0,NA,0,April,2026,2026
A3311601026225003,0,ALASKA POWER & TELEPHONE,Mentasta,12410.73,0,0,0,15484,9507,5607,7218,0,3.0954,0,0,0,0,57,11,7,4,0,0,NA,0,0,WIND,0,NA,0,April,2026,2026
A3311401026225003,0,ALASKA POWER & TELEPHONE,Hollis,453.94,0,1462,0,78083,461644,0,1446,0,3.4294,0,0,0,0,138,22,0,8,0,0,NA,0,0,WIND,0,NA,0,April,2026,2026
A3311501026225003,0,ALASKA POWER & TELEPHONE,Hydaburg,531.95,0,3736,0,53807,39778,14724,28966,0,3.4294,0,0,0,0,114,48,7,12,0,0,NA,0,0,WIND,0,NA,0,April,2026,2026
A3311201026225003,0,ALASKA POWER & TELEPHONE,Haines; Covenant Life,50433.5,Goat Lake & Kasidaya,39295,2666,555275,600939,105566,109534,0,4.3062,850,0,3660.27,1421607,1200,337,37,28,0,0,NA,15907,0,WIND,0,NA,0,April,2026,2026
A3311301026225003,0,ALASKA POWER & TELEPHONE,Healy Lake,1443.97,0,429,13,2673,1411,3801,0,0,3.882,866,0,3361.81,0,10,2,3,0,0,0,NA,7809,0,WIND,0,NA,0,April,2026,2026
A3311001026225003,0,ALASKA POWER & TELEPHONE,Dot Lake; Dot Lake Village,3284.97,0,0,0,8348,13666,4118,8116,0,3.2141,0,0,0,0,26,11,6,4,0,0,NA,0,0,WIND,0,NA,0,April,2026,2026
A3311101026225003,0,ALASKA POWER & TELEPHONE,Eagle; Eagle Village,23354.61,0,4787,126,26125,11847,6308,20706,0,3.6881,6205,0,22884.66,0,140,17,10,17,0,0,NA,69092,0,WIND,0,Solar,3385,April,2026,2026
A3310801026225003,0,ALASKA POWER & TELEPHONE,Coffman Cove,635.55,0,4392,0,92584,23744,7912,5726,0,3.4294,0,0,0,0,205,51,14,3,0,0,NA,0,0,WIND,0,NA,0,April,2026,2026
A3310901026225003,0,ALASKA POWER & TELEPHONE,Craig,2959.99,SEE NOTE,29555,11071,370800,337598,116181,84582,0,3.4294,8623,0,29571.72,3058145,678,315,36,26,0,0,NA,117103,0,WIND,0,NA,0,April,2026,2026
A3310601026225003,0,ALASKA POWER & TELEPHONE,Bettles; Evansville,5475.58,0,4693,102,7011,6587,3309,19913,0,4.9562,4056,0,20102.35,0,30,16,8,14,0,0,NA,47422,0,WIND,0,NA,0,April,2026,2026
A3310701026225003,0,ALASKA POWER & TELEPHONE,Chistochina,9343.22,0,118,0,13553,15203,2050,0,0,3.0954,0,0,0,0,51,18,2,0,0,0,NA,0,0,WIND,0,NA,0,April,2026,2026
A3310051026225003,0,TDX ADAK GENERATING LLC,Adak,9945.15,NA,17940,180,9542,20345,13213,51591,0,5.53,8746,0,48365.38,0,68,56,13,11,0,0,NA,106298,0,WIND,0,NA,0,April,2026,2026
A3310101026225003,0,AKHIOK/KAGUYAK ELECTRIC,Akhiok,4279.33,0,2209,88,10646,10596,5774,822,0,3.4106,2760,3000,9413.26,0,29,6,10,1,0,0,NA,31569,0,WIND,0,NA,0,April,2026,2026
A3323001026225003,0,NAPASKIAK ELECTRIC UTILITY,Napaskiak,13402.16,0,1968,292,33645,45362,3157,1049,2301,4.6184,7279,52120.62,33617.33,0,107,25,5,1,12,0,NA,99564,0,WIND,0,NA,0,April,2026,2026
A3323201026225003,0,NELSON LAGOON ELECTRICAL COOP,Nelson Lagoon,8942.43,0,795,42,13481,8607,2713,1141,0,5.33,9551,1652,50906.83,0,33,23,8,2,0,0,NA,32386,0,WIND,0,Other,0,April,2026,2026
A3324801026225003,0,PILOT POINT ELECTRIC UTILITY,Pilot Point,5079.68,n/a,2081,121,10565,13167,3084,2604,0,5.2,2847,2574.12,14804.4,0,25,19,9,4,0,0,NA,34395,0,WIND,0,NA,0,April,2026,2026
A3320101026225003,0,ALASKA POWER & TELEPHONE,Gustavus,38882.16,Gustavus Inc.,9863,632,141618,38420,5213,129052,0,4.5999,9416,0,43312.66,210117,508,102,7,21,0,0,NA,138347,0,WIND,0,NA,0,April,2026,2026
A3323401026225003,0,NOME JOINT UTILITY SYSTEM,Nome,124501.45,NA,115087,4694,842524,830797,340213,817241,0,2.9928,188692,535909.49,564717.42,0,1826,360,121,65,0,0,NA,3065063,0,WIND,0,NA,0,April,2026,2026
A3324301026225003,0,NUSHAGAK ELECTRIC AND,Dillingham; Aleknagik,87181.05,n/a,33726,2389,437632,745044,84424,71113,0,2.7473,95474,0,262295.72,0,926,420,49,54,0,0,NA,1418162,0,WIND,0,NA,0,April,2026,2026
A3325001026225003,0,PORT HEIDEN UTILITIES,Port Heiden,6065.64,0,0,0,13324,5763,1728,5928,0,4.9847,0,3000,0,0,53,21,6,11,0,0,NA,0,0,WIND,0,NA,0,April,2026,2026
A3325901026225003,0,TANALIAN ELECTRIC COOPERATIVE,Port Alsworth,10691.14,0,1731,600,25561,42402,0,5707,0,5.4068,5954,32095.18,32192.09,0,75,67,0,23,0,0,NA,80607,0,WIND,0,NA,0,April,2026,2026
A3325301026225003,0,CITY OF RUBY,Ruby,14044.53,NA,1834,158,21892,27105,8024,2985,0,5.5153,4524,17577.34,24951.22,0,99,22,12,4,0,0,NA,57093,0,WIND,0,NA,0,April,2026,2026
A3325401026225003,0,TDX CORPORATION,Sand Point,49885.18,NA,6353,625,103897,118353,49650,30927,0,4.16,22224,0,92451.84,0,233,99,25,15,0,0,NA,335310,0,WIND,0,Other,0,April,2026,2026
A3325501026225003,0,CITY OF ST. GEORGE,St. George,5454.4,0,2121,60,7603,5992,8381,8025,5219,10.9947,3454,3000,37975.69,0,39,13,7,12,4,0,NA,42273,0,WIND,0,NA,0,April,2026,2026
A3325801026225003,0,TAKOTNA COMMUNITY ASSOC INC,Takotna,6238.03,0,2393,58,6893,5880,3122,747,70,5.5141,2629,0,14496.57,0,28,15,5,2,1,0,NA,23928,0,WIND,0,NA,0,April,2026,2026
A3320201026225003,0,GWITCHYAA ZHEE UTILITY COMPANY,Fort Yukon,73816.14,0,7716,553,71294,86700,43203,22312,0,7.284,18444,74558,134346.1,0,263,64,21,17,0,0,NA,250708,0,WIND,0,NA,0,April,2026,2026
A3320601026225003,0,IPNATCHIAQ ELECTRIC COMPANY,Deering,16720.07,NA,2050,159,25182,28750,12705,5464,174,4.1697,6404,22822.55,26702.76,0,46,14,5,5,3,0,NA,56773,0,WIND,2837,Solar,2576,April,2026,2026
A3320301026225003,0,HUGHES POWER & LIGHT,Hughes,11079.21,NA,2510,159,16697,11145,6158,1081,29,5.5074,3522,4652.98,19397.06,0,34,19,3,2,1,0,NA,23874,0,WIND,0,NA,0,April,2026,2026
A3320401026225003,0,IGIUGIG ELECTRIC COMPANY,Igiugig,9935.89,Igiugig Village Council,2878,100,11090,9140,6619,843,0,9.4025,2456,5301.63,23092.54,3673,37,10,13,3,0,0,NA,30394,0,WIND,0,NA,0,April,2026,2026
A3319101026225003,0,CLARKS POINT VILLAGE COUNCIL,Clark's Point,10315.9,0,2631,80,10844,16143,5520,1894,69,4.1788,0,3000,0,0,51,9,6,4,2,0,NA,53805,0,WIND,0,NA,0,April,2026,2026
A3319701026225003,0,CITY OF FALSE PASS,False Pass,10173.14,0,2237,105,11561,15316,15113,2853,4014,3.5917,2175,8245.58,7811.95,0,31,14,14,3,1,0,NA,58358,0,WIND,0,NA,0,April,2026,2026
A3319801026225003,0,G & K INC.,Cold Bay,8004.23,0,16649,340,17671,92582,7938,77595,0,7.19,15297,80613.3,109985.43,0,46,23,4,49,0,0,NA,222103,0,WIND,0,NA,0,April,2026,2026
A3319901026225003,0,CITY OF GALENA,Galena,29504.57,0,15854,820,63171,267302,43368,36548,0,3.8428,34547,91568,132757.21,0,204,128,14,39,0,0,NA,479547,0,WIND,0,Other,0,April,2026,2026
A3322001026225003,0,TDX MANLEY GENERATING LLC,Manley Hot Springs,15503.93,NA,1022,97,16043,17083,5683,11789,0,4.12,3029,0,12479.48,0,81,20,11,4,0,0,NA,37990,0,WIND,0,Solar,14040,April,2026,2026
A3322201026225003,0,MCGRATH LIGHT & POWER,McGrath,23644.89,0,5549,326,38995,56698,14407,35186,0,5.1553,10207,0,52620.15,0,162,52,13,30,1,0,NA,164479,0,WIND,0,NA,0,April,2026,2026
A3321001026225003,0,KOKHANOK VILLAGE COUNCIL,Kokhanok,15246.83,NA,4031,86,15952,9443,8259,7132,162,7.3921,4084,6441.99,30189.34,0,59,11,10,5,15,0,NA,49530,0,WIND,0,NA,0,April,2026,2026
A3321301026225003,0,KOTZEBUE ELECTRIC ASSOCIATION,Kotzebue,128174.37,0,42595,2937,558165,777858,150828,63009,0,3.1152,112752,0,351245.03,0,1084,108,26,64,0,0,NA,1665623,0,WIND,0,Solar,179077,April,2026,2026
A3321501026225003,0,KWETHLUK INCORPORATED,Kwethluk,18919.73,n/a,2045,525,87647,66825,513,3205,23413,4.4233,13298,113096.18,58821.04,0,186,19,1,6,13,0,NA,190444,0,WIND,0,Other,0,April,2026,2026
A3321601026225003,0,KWIGILLINGOK IRA COUNCIL,Kwigillingok,9177.45,0,5119,184,15249,63592,3972,716,6632,4.8756,9340,172903.28,45538.1,0,85,18,3,2,2,0,NA,112820,0,WIND,0,NA,0,April,2026,2026
A3322801026225003,0,NAKNEK ELECTRIC,Naknek;S.Naknek;Kng Slmn,75613.61,NA,44365,2504,259245,524980,80473,291396,4914,2.9638,74046,705200.47,219457.53,0,683,247,37,92,3,0,NA,1264025,0,WIND,0,NA,0,April,2026,2026
A3322901026225003,0,NAPAKIAK IRCINRAQ,Napakiak,15478.44,AVEC,0,0,28564,9762,3425,1925,5209,0.4863,0,135152.98,0,41942,102,8,4,8,5,0,NA,0,0,WIND,0,NA,0,April,2026,2026
A3322901126225003,0,NAPAKIAK IRCINRAQ,Napakiak,10863.18,AVEC,0,0,26095,8204,2773,1980,4983,0.4279,0,6035.65,0,42087,92,8,4,8,5,0,NA,0,0,WIND,0,NA,0,May,2026,2026
A3321801126225003,0,LEVELOCK ELECTRICAL COOP,Levelock,8992.47,NA,2048,101,9872,15341,6335,679,639,4.9467,3178,23452.34,15720.61,0,30,24,8,3,10,0,NA,38054,0,WIND,0,NA,0,May,2026,2026
A3321501126225003,0,KWETHLUK INCORPORATED,Kwethluk,32959.42,n/a,2042,431,86984,63187,543,2617,8699,6.7152,12567,24020.82,84389.92,0,185,20,1,6,12,0,NA,179789,0,WIND,0,Other,0,May,2026,2026
A3321001126225003,0,KOKHANOK VILLAGE COUNCIL,Kokhanok,14407.93,NA,3829,91,15553,9781,7324,5271,145,7.3129,3712,8471.71,27145.48,0,59,10,10,5,15,0,NA,45900,0,WIND,0,NA,0,May,2026,2026
A3322201126225003,0,MCGRATH LIGHT & POWER,McGrath,21924.7,NA,5074,334,35728,47851,11610,39184,0,5.1553,11030,0,56862.96,0,164,52,13,30,1,0,NA,154635,0,WIND,0,NA,0,May,2026,2026
A3322301126225003,0,MIDDLE KUSKOKWIM ELECTRIC COOPERATIVE INC,Chuathbaluk,5834.87,0,904,42,5913,6172,2090,420,0,4.6999,1618,7278.24,7604.44,0,28,3,9,3,1,0,NA,17215,0,WIND,0,NA,0,May,2026,2026
A3322401126225003,0,MIDDLE KUSKOKWIM ELECTRIC COOPERATIVE INC,Crooked Creek,5666.19,0,1210,42,6361,6438,2291,882,0,4.6999,1938,7278.24,9108.41,0,28,7,4,4,0,0,NA,18590,0,WIND,0,NA,0,May,2026,2026
A3322501126225003,0,MIDDLE KUSKOKWIM ELECTRIC COOPERATIVE INC,Red Devil,1304.03,NA,281,21,1724,615,0,203,0,4.6999,620,7278.24,2913.94,0,11,4,0,2,0,0,NA,2877,0,WIND,0,NA,0,May,2026,2026
A3322601126225003,0,MIDDLE KUSKOKWIM ELECTRIC COOPERATIVE INC,Sleetmute,6501.26,0,1156,64,5577,5381,4932,2554,0,4.6999,2319,2728.24,10899.07,0,27,7,5,3,1,0,NA,20187,0,WIND,0,NA,0,May,2026,2026
A3322701126225003,0,MIDDLE KUSKOKWIM ELECTRIC COOPERATIVE INC,Stony River,2648.91,0,1280,32,2903,1921,1224,0,0,4.6999,1793,7278.24,8426.92,0,17,5,4,1,0,0,NA,7966,0,WIND,0,NA,0,May,2026,2026
A3322801126225003,0,NAKNEK ELECTRIC,Naknek;S.Naknek;Kng Slmn,77845.52,NA,51735,2058,249730,1083349,90644,257500,4397,2.9638,124690,799760.78,369556.22,0,719,286,37,91,3,0,NA,1866053,0,WIND,0,NA,0,May,2026,2026
A3320001126225003,0,GOLOVIN POWER UTILITIES,Golovin,8784.91,0,2933,121,21883,37590,12154,2075,716,3.7068,5846,12300.15,21669.95,0,51,48,11,5,5,0,NA,81094,0,WIND,0,NA,0,May,2026,2026
A3319201126225003,0,CORDOVA ELECTRIC,Cordova: Eyak,66895.74,0,50217,4108,405172,1235218,188613,106700,0,5.8897,4040,0,23794.39,0,751,653,48,45,0,0,NA,52353,2087185,WIND,0,Other,0,May,2026,2026
A3319601126225003,0,ELFIN COVE UTILITY COMMISSION,Elfin Cove,2287.96,0,1283,200,9658,35358,320,94,1440,5.93,4109,5365.48,24366.37,0,36,39,6,1,1,0,NA,49743,0,WIND,0,NA,0,May,2026,2026
A3320401126225003,0,IGIUGIG ELECTRIC COMPANY,Igiugig,8756.04,Igiugig Village Council,2714,90,8474,8981,6192,729,0,9.4025,1979,2328.32,18607.55,3251,37,10,14,3,0,0,NA,27161,0,WIND,0,NA,0,May,2026,2026
A3320501126225003,0,ILIAMNA NEWHALEN NONDALTON,Iliamna; Newhalen; Nondalton,28355.74,NA,29977,643,67833,141334,20193,19620,0,4.5834,13,0,59.58,0,185,77,15,12,0,0,NA,143,303670,WIND,0,NA,0,May,2026,2026
A3320601126225003,0,IPNATCHIAQ ELECTRIC COMPANY,Deering,15652.53,0,2585,131,20426,27089,13744,2796,419,4.1697,5409,20170.55,22553.91,0,46,14,5,5,3,0,NA,56520,0,WIND,4908,Solar,6197,May,2026,2026
A3320201126225003,0,GWITCHYAA ZHEE UTILITY COMPANY,Fort Yukon,72475.46,0,8740,487,68338,85148,43241,20037,0,7.284,18134,56150.36,132088.06,0,262,64,17,21,0,0,NA,241732,0,WIND,0,Other,0,May,2026,2026
A3325801126225003,0,TAKOTNA COMMUNITY ASSOC INC,Takotna,7967.16,0,2835,65,7775,5873,3962,914,70,5.5141,2490,0,13730.11,0,28,15,5,2,1,0,NA,23605,0,WIND,0,NA,0,May,2026,2026
A3325301126225003,0,CITY OF RUBY,Ruby,12470.42,NA,2280,124,20526,26435,6022,1905,0,5.5153,4359,84534.73,24041.19,0,98,19,14,4,0,0,NA,54186,0,WIND,0,NA,0,May,2026,2026
A3326001126225003,0,TANANA POWER COMPANY INC.,Tanana,14628.39,NA,2152,205,25226,41265,14274,8339,0,3.7389,7361,50525.16,27522.04,0,106,41,6,6,0,0,NA,99898,0,WIND,0,NA,0,May,2026,2026
A3325201126225003,0,RAMPART VILLAGE COUNCIL,Rampart,5676.83,NA,1600,52,9790,8101,4155,1298,0,6.0387,2220,8395.15,13405.91,0,38,6,4,6,0,0,NA,24961,0,WIND,0,NA,0,May,2026,2026
A3326501126225003,0,INSIDE PASSAGE ELECTRIC,Angoon,28023.09,NA,4608,276,65067,45929,13277,4127,0,3.5049,10405,0,36468.96,0,188,32,7,8,0,0,NA,143550,0,WIND,0,NA,0,May,2026,2026
A3326701126225003,0,INSIDE PASSAGE ELECTRIC,Hoonah,76881.75,NA,10404,938,183975,252120,58202,13891,0,3.5049,23300,0,81665.24,0,431,81,27,13,0,0,NA,335168,214747,WIND,0,NA,0,May,2026,2026
A3324301126225003,0,NUSHAGAK ELECTRIC AND,Dillingham; Aleknagik,80059.4,n/a,33155,2280,380237,811334,79828,60410,0,2.7473,93259,0,256210.45,0,825,428,23,54,0,0,NA,1404952,0,WIND,0,NA,0,May,2026,2026
A3324401126225003,0,CITY OF OUZINKIE,Ouzinkie,8233.85,N/A,873,106,21109,24631,8326,1363,0,4.1695,3922,6271.33,16352.78,0,73,23,15,3,0,0,NA,55429,8881,WIND,0,NA,0,May,2026,2026
A3324801126225003,0,PILOT POINT ELECTRIC UTILITY,Pilot Point,4773.81,n/a,1952,108,11972,13097,2501,2494,0,5.2,2979,0,15490.8,0,26,17,9,4,0,0,NA,34414,0,WIND,0,NA,0,May,2026,2026
A3323201126225003,0,NELSON LAGOON ELECTRICAL COOP,Nelson Lagoon,7699.93,0,661,61,10502,9085,1919,777,0,5.33,1777,2292,9471.41,0,33,23,8,2,0,0,NA,28025,0,WIND,0,Other,0,May,2026,2026
A3323101126225003,0,NATERKAQ LIGHT PLANT,Chefornak,15267.02,0,2806,347,42060,15691,7223,50018,837,4.5549,9931,26321.9,45234.71,0,124,7,17,13,6,0,NA,126353,0,WIND,3810,NA,0,May,2026,2026
A3310201126225003,0,AKIACHAK NATIVE COMMUNITY,Akiachak,33226.45,0,2613,365,75678,21398,16288,34882,3477,4.6998,9852,93496.65,46302.43,0,211,36,12,10,3,0,NA,136117,0,WIND,27737,NA,0,May,2026,2026
A3318201126225003,0,CITY OF BUCKLAND,Buckland,21076.65,NA,4273,308,68957,37700,8932,32390,1019,5.454,11034,14192,60179.44,0,108,23,14,6,3,0,NA,149734,0,WIND,0,Solar,4972,May,2026,2026
A3310301126225003,0,AKIAK CITY COUNCIL,Akiak,12573.67,0,2925,174,33998,19722,19389,3031,507,9.5,7488,42115.67,71136,0,105,29,14,3,2,0,NA,91047,0,WIND,0,NA,0,May,2026,2026
A3317801126225003,0,ATMAUTLUAK TRIBAL UTILITIES,Atmautluak,20116.6,NA,3245,128,32914,25634,11879,914,210,4.7562,5673,17120.81,26981.92,0,80,9,8,5,2,0,NA,72850,0,WIND,7398,NA,0,May,2026,2026
A3319001126225003,0,CIRCLE ELECTRIC LLC,Circle,8798.67,NA,2325,57,8485,3404,7339,7894,0,4.2557,2582,12349.83,10988.22,0,35,5,6,3,0,0,NA,30964,0,WIND,0,NA,0,May,2026,2026
A3318301126225003,0,GOLD COUNTRY ENERGY,Central,12925.61,NA,1359,85,19373,6422,360,3100,0,5.4848,2874,9562.63,15763.32,0,121,16,1,5,0,0,NA,35468,0,WIND,0,NA,0,May,2026,2026
A3318701126225003,0,CHIGNIK LAGOON POWER UTILITY,Chignik Lagoon,8341.29,0,1716,3,17278,11614,4635,794,25,4.6014,143,6291.86,658,0,67,13,7,1,4,0,NA,1516,32553,WIND,0,NA,0,May,2026,2026
A3318801126225003,0,CHIGNIK LAKE ELECTRIC UTILITY,Chignik Lake,6819.28,0,967,55,10420,3718,3673,9120,0,4.7519,2927,3000,13908.81,0,43,3,8,1,1,0,NA,30884,0,WIND,0,NA,0,May,2026,2026
A3318901126225003,0,CHITINA ELECTRIC INC.,Chitina,7890.76,NA,2530,129,7973,19729,2528,2378,383,4.237,2766,13193.25,11719.54,0,47,40,3,3,1,0,NA,37490,0,WIND,0,NA,0,May,2026,2026
A3317401126225003,0,KARLUK IRA TRIBAL COUNCIL,Karluk,3581.57,NA,204,35,6389,4435,1242,0,712,4.4895,1243,4652.91,5580.45,0,14,9,4,1,1,0,NA,13869,0,WIND,0,NA,0,May,2026,2026
A3317601126225003,0,ANIAK LIGHT & POWER,Aniak,30934.79,NA,557,335,61209,44039,9541,26908,692,4.4379,14205,40949,63040.37,0,151,17,4,6,1,0,NA,175000,0,WIND,0,NA,0,May,2026,2026
A3327201126225003,0,TUNTUTULIAK COMMUNITY SERVICES ASSOCIATION,Tuntutuliak,25775.85,NA,4820,219,49549,42277,3400,2660,1023,4.6418,10777,36931.88,50024.68,0,155,26,8,5,7,0,NA,114070,0,WIND,0,NA,0,May,2026,2026
A3327401126225003,0,UMNAK POWER COMPANY,Nikolski,3714.71,NA,1715,67,4329,7256,6512,818,0,7.7632,2962,5445.94,22994.6,0,14,11,7,1,0,0,NA,21553,0,WIND,0,NA,0,May,2026,2026
A3327101126225003,0,TULUKSAK TRADITIONAL,Tuluksak,18857.56,0,1396,140,31723,11503,2528,1340,1200,12.4372,4488,4810.41,55818.15,0,108,8,6,4,2,0,NA,47329,0,WIND,0,NA,0,May,2026,2026
A3326301126225003,0,CITY OF TENAKEE SPRINGS,Tenakee Springs,6986.2,0,1094,94,19801,4115,2096,182,0,4.03,2674,5104.4,10776.22,0,135,27,15,1,0,0,NA,31021,0,WIND,0,NA,0,May,2026,2026
A3326801126225003,0,INSIDE PASSAGE ELECTRIC,Kake,34143.56,NA,8187,329,75150,75364,15179,4084,0,3.5049,9304,0,32610.02,0,231,50,12,7,0,0,NA,89642,105768,WIND,0,NA,0,May,2026,2026
A3326901126225003,0,INSIDE PASSAGE ELECTRIC,Chilkat Valley/Klukwan,33857.07,Alaska Power & Telephone,4246,309,75532,39927,12289,7539,0,3.5049,0,0,0,71520,269,29,11,18,0,0,NA,0,98640,WIND,0,NA,0,May,2026,2026
A3328501126225003,0,UNALAKLEET VALLEY ELECTRIC,Unalakleet,31313.7,0,12040,645,104509,105707,49454,36394,1098,3.9517,19922,112190,78725.77,0,276,40,23,43,1,0,NA,312396,0,WIND,0,NA,0,May,2026,2026
A3328601126225003,0,CITY OF UNALASKA,Unalaska,101154.94,NA,61393,5135,311197,2057907,221313,28537,0,3.4396,181919,422204.56,625728.59,0,791,173,57,12,0,0,NA,2804978,0,WIND,0,NA,0,May,2026,2026
A3326901226225003,0,INSIDE PASSAGE ELECTRIC,Chilkat Valley/Klukwan,33224.72,Alaska Power & Telephone,4388,307,75913,37651,10205,5660,0,3.5049,0,0,0,720,274,28,11,18,0,0,NA,0,153600,WIND,0,NA,0,June,2026,2026
A3326501226225003,0,INSIDE PASSAGE ELECTRIC,Angoon,27944.62,NA,5926,315,64775,56279,12795,3883,0,3.5049,11486,0,40257.81,0,191,32,7,8,0,0,NA,154481,0,WIND,0,NA,0,June,2026,2026
A3318201226225003,0,CITY OF BUCKLAND,Buckland,20058.95,NA,5062,271,58701,37298,11785,8919,229,5.454,10805,14192,58930.47,0,108,23,14,6,3,0,NA,137932,0,WIND,0,Solar,7409,June,2026,2026
A3326701226225003,0,INSIDE PASSAGE ELECTRIC,Hoonah,76982.23,NA,10537,880,172395,267658,58323,13684,0,3.5049,25927,0,90872.73,0,432,82,27,13,0,0,NA,353808,196550,WIND,0,NA,0,June,2026,2026
A3326801226225003,0,INSIDE PASSAGE ELECTRIC,Kake,34011.94,NA,7060,309,75268,70954,14322,3735,0,3.5049,7159,0,25091.91,0,230,50,12,7,0,0,NA,140013,45878,WIND,0,NA,0,June,2026,2026
