id,identifier,project_code,sales_reporting_name,date,calendar_year,calendar_month,column,raw_value,carry_forward,annual_average,avg_preceding_proceeding,avg_same_month_other_years,manual_override,decision,comment
A3310050426225003_diesel_kwh_generated,A3310050426225003,331005,Adak,2025-10-01,2025,10,diesel_kwh_generated,59230,106620,106930,81471,154403,NA,raw_value,NA
A3310050426225003_fuel_used_gallons,A3310050426225003,331005,Adak,2025-10-01,2025,10,fuel_used_gallons,5363,8345,9630,6982,12725,NA,raw_value,NA
A3310050526225003_diesel_kwh_generated,A3310050526225003,331005,Adak,2025-11-01,2025,11,diesel_kwh_generated,56322,59230,106930,70700,162467,NA,raw_value,NA
A3310050526225003_fuel_used_gallons,A3310050526225003,331005,Adak,2025-11-01,2025,11,fuel_used_gallons,5618,5363,9630,6096,13699,NA,raw_value,NA
A3310050626225003_diesel_kwh_generated,A3310050626225003,331005,Adak,2025-12-01,2025,12,diesel_kwh_generated,82170,56322,106930,77566,165811,NA,raw_value,NA
A3310050924225003_powerhouse_consumption_kwh,A3310050924225003,331005,Adak,2024-03-01,2024,3,powerhouse_consumption_kwh,77093,47732,46038,60602,26939,NA,raw_value,NA
A3310051023225003_diesel_kwh_generated,A3310051023225003,331005,Adak,2023-04-01,2023,4,diesel_kwh_generated,249556,137836,162351,185640,173570,NA,raw_value,NA
A3310051024225003_powerhouse_consumption_kwh,A3310051024225003,331005,Adak,2024-04-01,2024,4,powerhouse_consumption_kwh,73471,77093,46038,72446,30111,NA,raw_value,NA
A3310051124225003_powerhouse_consumption_kwh,A3310051124225003,331005,Adak,2024-05-01,2024,5,powerhouse_consumption_kwh,67798,73471,46038,68503,25072,NA,raw_value,NA
A3310051126225003_diesel_kwh_generated,A3310051126225003,331005,Adak,2026-05-01,2026,5,diesel_kwh_generated,67375,106298,97015,106298,170996,NA,raw_value,NA
A3310051126225003_fuel_used_gallons,A3310051126225003,331005,Adak,2026-05-01,2026,5,fuel_used_gallons,5639,8746,8081,8746,13703,NA,raw_value,NA
A3310051224225003_powerhouse_consumption_kwh,A3310051224225003,331005,Adak,2024-06-01,2024,6,powerhouse_consumption_kwh,63535,67798,46038,60471,25573,NA,raw_value,NA
A3310100122225003_fuel_used_gallons,A3310100122225003,331010,Akhiok,2021-07-01,2021,7,fuel_used_gallons,1165,2909,2206,2037,2364,NA,raw_value,NA
A3310100222225003_fuel_used_gallons,A3310100222225003,331010,Akhiok,2021-08-01,2021,8,fuel_used_gallons,1165,1165,2206,1210,2170,NA,raw_value,NA
A3310100226225003_fuel_used_gallons,A3310100226225003,331010,Akhiok,2025-08-01,2025,8,fuel_used_gallons,0,2760,2546,2760,2299,NA,raw_value,NA
A3310100425225003_diesel_kwh_generated,A3310100425225003,331010,Akhiok,2024-10-01,2024,10,diesel_kwh_generated,71382,24609,34415,19332,23788,NA,annual_average,NA
A3310100425225003_powerhouse_consumption_kwh,A3310100425225003,331010,Akhiok,2024-10-01,2024,10,powerhouse_consumption_kwh,4801,NA,2346,1282,993,NA,annual_average,NA
A3310100622225003_commercial_sold_to,A3310100622225003,331010,Akhiok,2021-12-01,2021,12,commercial_sold_to,19102,14143,11448,12496,10099,NA,avg_preceding_proceeding,NA
A3310100626225003_govt_facil_sold_to,A3310100626225003,331010,Akhiok,2025-12-01,2025,12,govt_facil_sold_to,1163,869,636,760,684,NA,raw_value,NA
A3310100724225003_com_facil_sold_to,A3310100724225003,331010,Akhiok,2024-01-01,2024,1,com_facil_sold_to,9947,NA,4753,4688,3210,NA,raw_value,NA
A3310100724225003_diesel_kwh_generated,A3310100724225003,331010,Akhiok,2024-01-01,2024,1,diesel_kwh_generated,45738,NA,34415,25738,24199,NA,annual_average,NA
A3310100724225003_govt_facil_sold_to,A3310100724225003,331010,Akhiok,2024-01-01,2024,1,govt_facil_sold_to,1269,NA,606,655,552,NA,raw_value,NA
A3310100819225003_residential_sold_to,A3310100819225003,331010,Akhiok,2019-02-01,2019,2,residential_sold_to,18895,7452,7919,7584,6749,NA,avg_preceding_proceeding,NA
A3310100822225003_powerhouse_consumption_kwh,A3310100822225003,331010,Akhiok,2022-02-01,2022,2,powerhouse_consumption_kwh,5199,774,1582,2280,817,NA,avg_preceding_proceeding,NA
A3310100921225003_fuel_used_gallons,A3310100921225003,331010,Akhiok,2021-03-01,2021,3,fuel_used_gallons,4473,NA,2206,1686,2584,NA,raw_value,NA
A3310100923225003_peak_consumption_kw,A3310100923225003,331010,Akhiok,2023-03-01,2023,3,peak_consumption_kw,2202,101,285,78,67,NA,carry_forward,NA
A3310101223225003_residential_sold_to,A3310101223225003,331010,Akhiok,2023-06-01,2023,6,residential_sold_to,14682,2836,7874,7065,7231,NA,avg_same_month_other_years,NA
A3310200118225003_residential_customers,A3310200118225003,331020,Akiachak,2017-07-01,2017,7,residential_customers,136,191,186,190,191,NA,carry_forward,NA
A3310200126225003_wind_kwh_generated,A3310200126225003,331020,Akiachak,2025-07-01,2025,7,wind_kwh_generated,16988,19353,12855,17316,0,NA,raw_value,NA
A3310200223225003_powerhouse_consumption_kwh,A3310200223225003,331020,Akiachak,2022-08-01,2022,8,powerhouse_consumption_kwh,8293,NA,4335,4000,3885,NA,avg_preceding_proceeding,NA
A3310200226225003_wind_kwh_generated,A3310200226225003,331020,Akiachak,2025-08-01,2025,8,wind_kwh_generated,15280,16988,12855,17996,0,NA,raw_value,NA
A3310200323225003_unbilled_sold_to,A3310200323225003,331020,Akiachak,2022-09-01,2022,9,unbilled_sold_to,95852,2266,11458,3506,4057,NA,avg_preceding_proceeding,NA
A3310200326225003_wind_kwh_generated,A3310200326225003,331020,Akiachak,2025-09-01,2025,9,wind_kwh_generated,19003,15280,12855,11838,0,NA,raw_value,NA
A3310200524225003_fuel_used_gallons,A3310200524225003,331020,Akiachak,2023-11-01,2023,11,fuel_used_gallons,19885,15149,13950,16865,12389,NA,raw_value,NA
A3310200624225003_fuel_used_gallons,A3310200624225003,331020,Akiachak,2023-12-01,2023,12,fuel_used_gallons,18581,19885,13950,18192,13136,NA,raw_value,NA
A3310200826225003_wind_kwh_generated,A3310200826225003,331020,Akiachak,2026-02-01,2026,2,wind_kwh_generated,12860,4601,22124,20982,3648,NA,raw_value,NA
A3310200925225003_wind_kwh_generated,A3310200925225003,331020,Akiachak,2025-03-01,2025,3,wind_kwh_generated,15919,7295,12855,16612,18681,NA,raw_value,NA
A3310200926225003_wind_kwh_generated,A3310200926225003,331020,Akiachak,2026-03-01,2026,3,wind_kwh_generated,37362,12860,22124,19101,7960,NA,raw_value,NA
A3310201025225003_wind_kwh_generated,A3310201025225003,331020,Akiachak,2025-04-01,2025,4,wind_kwh_generated,25928,15919,12855,18934,8447,NA,raw_value,NA
A3310201026225003_wind_kwh_generated,A3310201026225003,331020,Akiachak,2026-04-01,2026,4,wind_kwh_generated,25342,37362,22124,32550,8643,NA,raw_value,NA
A3310201125225003_wind_kwh_generated,A3310201125225003,331020,Akiachak,2025-05-01,2025,5,wind_kwh_generated,21949,25928,12855,22640,9246,NA,raw_value,NA
A3310201126225003_wind_kwh_generated,A3310201126225003,331020,Akiachak,2026-05-01,2026,5,wind_kwh_generated,27737,25342,22124,25092,7316,NA,raw_value,NA
A3310201221225003_powerhouse_consumption_kwh,A3310201221225003,331020,Akiachak,2021-06-01,2021,6,powerhouse_consumption_kwh,6129,5828,4417,5895,3367,NA,raw_value,NA
A3310201225225003_wind_kwh_generated,A3310201225225003,331020,Akiachak,2025-06-01,2025,6,wind_kwh_generated,19353,21949,12855,19468,8281,NA,raw_value,NA
A3310201226225003_wind_kwh_generated,A3310201226225003,331020,Akiachak,2026-06-01,2026,6,wind_kwh_generated,24842,27737,22124,27737,6451,NA,raw_value,NA
A3310300123225003_govt_facil_sold_to,A3310300123225003,331030,Akiak,2022-07-01,2022,7,govt_facil_sold_to,54459,NA,11037,1199,1505,5459,manual_override,Assumed extra digit added
A3310300126225003_fuel_used_gallons,A3310300126225003,331030,Akiak,2025-07-01,2025,7,fuel_used_gallons,15084,NA,9448,6961,6384,NA,raw_value,NA
A3310300126225003_residential_sold_to,A3310300126225003,331030,Akiak,2025-07-01,2025,7,residential_sold_to,69724,NA,42834,31293,29224,NA,raw_value,NA
A3310300223225003_commercial_sold_to,A3310300223225003,331030,Akiak,2022-08-01,2022,8,commercial_sold_to,267666,21097,73675,35515,46004,NA,avg_same_month_other_years,NA
A3310300224225003_fuel_used_gallons,A3310300224225003,331030,Akiak,2023-08-01,2023,8,fuel_used_gallons,21098,7000,11699,7778,9835,NA,avg_preceding_proceeding,NA
A3310300224225003_residential_sold_to,A3310300224225003,331030,Akiak,2023-08-01,2023,8,residential_sold_to,106044,41871,50914,32581,41878,NA,avg_same_month_other_years,NA
A3310300224225003_unbilled_sold_to,A3310300224225003,331030,Akiak,2023-08-01,2023,8,unbilled_sold_to,3461,1266,1650,1088,559,NA,raw_value,NA
A3310300225225003_diesel_kwh_generated,A3310300225225003,331030,Akiak,2024-08-01,2024,8,diesel_kwh_generated,267575,NA,134683,133802,101280,NA,avg_same_month_other_years,NA
A3310300225225003_fuel_used_gallons,A3310300225225003,331030,Akiak,2024-08-01,2024,8,fuel_used_gallons,25572,NA,11133,6656,9196,NA,annual_average,NA
A3310300225225003_powerhouse_consumption_kwh,A3310300225225003,331030,Akiak,2024-08-01,2024,8,powerhouse_consumption_kwh,9914,NA,4011,2322,2725,NA,annual_average,NA
A3310300225225003_residential_sold_to,A3310300225225003,331030,Akiak,2024-08-01,2024,8,residential_sold_to,98245,NA,87989,52902,42853,NA,avg_same_month_other_years,NA
A3310300324225003_commercial_sold_to,A3310300324225003,331030,Akiak,2023-09-01,2023,9,commercial_sold_to,166922,27475,66740,27475,39584,NA,avg_same_month_other_years,NA
A3310300324225003_diesel_kwh_generated,A3310300324225003,331030,Akiak,2023-09-01,2023,9,diesel_kwh_generated,214987,164626,140633,164626,99241,NA,avg_same_month_other_years,NA
A3310300726225003_diesel_kwh_generated,A3310300726225003,331030,Akiak,2026-01-01,2026,1,diesel_kwh_generated,217138,NA,120351,84245,120751,NA,raw_value,NA
A3310300726225003_fuel_used_gallons,A3310300726225003,331030,Akiak,2026-01-01,2026,1,fuel_used_gallons,17109,NA,9569,6751,9242,NA,raw_value,NA
A3310300726225003_powerhouse_consumption_kwh,A3310300726225003,331030,Akiak,2026-01-01,2026,1,powerhouse_consumption_kwh,5645,NA,3363,2548,2550,NA,raw_value,NA
A3310300726225003_residential_sold_to,A3310300726225003,331030,Akiak,2026-01-01,2026,1,residential_sold_to,76581,NA,58174,86604,40507,NA,raw_value,NA
A3310300818225003_fuel_used_gallons,A3310300818225003,331030,Akiak,2018-02-01,2018,2,fuel_used_gallons,17318,9243,8568,8862,8188,NA,avg_preceding_proceeding,NA
A3310300818225003_powerhouse_consumption_kwh,A3310300818225003,331030,Akiak,2018-02-01,2018,2,powerhouse_consumption_kwh,5126,2571,2930,2596,2425,NA,avg_preceding_proceeding,NA
A3310300826225003_residential_sold_to,A3310300826225003,331030,Akiak,2026-02-01,2026,2,residential_sold_to,86604,76581,58174,65149,31174,NA,raw_value,NA
A3310300924225003_com_facil_sold_to,A3310300924225003,331030,Akiak,2024-03-01,2024,3,com_facil_sold_to,212495,NA,49384,NA,14938,NA,avg_same_month_other_years,NA
A3310300924225003_commercial_sold_to,A3310300924225003,331030,Akiak,2024-03-01,2024,3,commercial_sold_to,294257,NA,67610,NA,34236,NA,avg_same_month_other_years,NA
A3310300924225003_govt_facil_sold_to,A3310300924225003,331030,Akiak,2024-03-01,2024,3,govt_facil_sold_to,22135,NA,5814,NA,3041,NA,annual_average,NA
A3310300924225003_residential_sold_to,A3310300924225003,331030,Akiak,2024-03-01,2024,3,residential_sold_to,260475,NA,87989,NA,35089,NA,avg_same_month_other_years,NA
A3310300924225003_unbilled_sold_to,A3310300924225003,331030,Akiak,2024-03-01,2024,3,unbilled_sold_to,10461,NA,2862,NA,815,NA,annual_average,NA
A3310400117225003_govt_facil_sold_to,A3310400117225003,331040,Akutan,2016-07-01,2016,7,govt_facil_sold_to,865,942,506,708,359,NA,raw_value,NA
A3310400118225003_govt_facil_sold_to,A3310400118225003,331040,Akutan,2017-07-01,2017,7,govt_facil_sold_to,775,132,262,69,369,NA,raw_value,NA
A3310400226225003_hydro_kwh_generated,A3310400226225003,331040,Akutan,2025-08-01,2025,8,hydro_kwh_generated,40552,23668,14290,14176,5902,NA,raw_value,NA
A3310400322225003_govt_facil_sold_to,A3310400322225003,331040,Akutan,2021-09-01,2021,9,govt_facil_sold_to,660,410,312,328,211,NA,raw_value,NA
A3310400717225003_peak_consumption_kw,A3310400717225003,331040,Akutan,2017-01-01,2017,1,peak_consumption_kw,5,48,69,67,94,NA,carry_forward,NA
A3310400722225003_govt_facil_sold_to,A3310400722225003,331040,Akutan,2022-01-01,2022,1,govt_facil_sold_to,718,145,416,222,268,NA,raw_value,NA
A3310400816225003_govt_facil_sold_to,A3310400816225003,331040,Akutan,2016-02-01,2016,2,govt_facil_sold_to,812,216,506,340,251,NA,raw_value,NA
A3310401017225003_govt_facil_sold_to,A3310401017225003,331040,Akutan,2017-04-01,2017,4,govt_facil_sold_to,994,429,262,229,247,NA,raw_value,NA
A3310401116225003_govt_facil_sold_to,A3310401116225003,331040,Akutan,2016-05-01,2016,5,govt_facil_sold_to,925,64,506,503,318,NA,raw_value,NA
A3310401122225003_govt_facil_sold_to,A3310401122225003,331040,Akutan,2022-05-01,2022,5,govt_facil_sold_to,764,608,416,476,334,NA,raw_value,NA
A3310401216225003_govt_facil_sold_to,A3310401216225003,331040,Akutan,2016-06-01,2016,6,govt_facil_sold_to,942,925,506,895,208,NA,raw_value,NA
A3310500720225003_commercial_sold_to,A3310500720225003,331050,"Allakaket, Alatna",2020-01-01,2020,1,commercial_sold_to,7723,5456,3468,5342,4186,NA,raw_value,NA
A3310500726225003_commercial_sold_to,A3310500726225003,331050,"Allakaket, Alatna",2026-01-01,2026,1,commercial_sold_to,6998,6611,4696,5856,4258,NA,raw_value,NA
A3312400116225003_fuel_used_gallons,A3312400116225003,331240,Alakanuk,2015-07-01,2015,7,fuel_used_gallons,11377,NA,14236,12557,1077,NA,raw_value,NA
A3312400117225003_fuel_used_gallons,A3312400117225003,331240,Alakanuk,2016-07-01,2016,7,fuel_used_gallons,10766,10763,7993,7608,1138,NA,raw_value,NA
A3312400216225003_commercial_sold_to,A3312400216225003,331240,Alakanuk,2015-08-01,2015,8,commercial_sold_to,26063,18042,23477,21312,13691,NA,raw_value,NA
A3312400216225003_fuel_used_gallons,A3312400216225003,331240,Alakanuk,2015-08-01,2015,8,fuel_used_gallons,12557,11377,14236,14020,445,NA,raw_value,NA
A3312400217225003_diesel_kwh_generated,A3312400217225003,331240,Alakanuk,2016-08-01,2016,8,diesel_kwh_generated,52919,148807,160361,148807,164377,NA,raw_value,NA
A3312400217225003_residential_customers,A3312400217225003,331240,Alakanuk,2016-08-01,2016,8,residential_customers,65,162,142,162,157,162,manual_override,NA
A3312400316225003_commercial_sold_to,A3312400316225003,331240,Alakanuk,2015-09-01,2015,9,commercial_sold_to,24582,26063,23477,24681,13128,NA,raw_value,NA
A3312400316225003_fuel_used_gallons,A3312400316225003,331240,Alakanuk,2015-09-01,2015,9,fuel_used_gallons,16662,12557,14236,14682,0,NA,raw_value,NA
A3312400416225003_commercial_sold_to,A3312400416225003,331240,Alakanuk,2015-10-01,2015,10,commercial_sold_to,23299,24582,23477,24172,14053,NA,raw_value,NA
A3312400416225003_fuel_used_gallons,A3312400416225003,331240,Alakanuk,2015-10-01,2015,10,fuel_used_gallons,16806,16662,14236,15219,0,NA,raw_value,NA
A3312400417225003_residential_customers,A3312400417225003,331240,Alakanuk,2016-10-01,2016,10,residential_customers,88,162,142,126,157,162,manual_override,NA
A3312400516225003_commercial_sold_to,A3312400516225003,331240,Alakanuk,2015-11-01,2015,11,commercial_sold_to,23763,23299,23477,24206,14083,NA,raw_value,NA
A3312400516225003_fuel_used_gallons,A3312400516225003,331240,Alakanuk,2015-11-01,2015,11,fuel_used_gallons,13776,16806,14236,16806,0,NA,raw_value,NA
A3312400517225003_residential_customers,A3312400517225003,331240,Alakanuk,2016-11-01,2016,11,residential_customers,90,88,142,124,157,162,manual_override,NA
A3312400616225003_commercial_sold_to,A3312400616225003,331240,Alakanuk,2015-12-01,2015,12,commercial_sold_to,25113,23763,23477,24385,14260,NA,raw_value,NA
A3312400626225003_commercial_sold_to,A3312400626225003,331240,Alakanuk,2025-12-01,2025,12,commercial_sold_to,22954,21853,13112,24844,14476,NA,raw_value,NA
A3312400716225003_commercial_sold_to,A3312400716225003,331240,Alakanuk,2016-01-01,2016,1,commercial_sold_to,25007,25113,15639,19562,15174,NA,raw_value,NA
A3312400716225003_fuel_used_gallons,A3312400716225003,331240,Alakanuk,2016-01-01,2016,1,fuel_used_gallons,15720,NA,7993,13782,0,NA,raw_value,NA
A3312400717225003_residential_customers,A3312400717225003,331240,Alakanuk,2017-01-01,2017,1,residential_customers,91,161,150,126,158,162,manual_override,NA
A3312400726225003_com_facil_sold_to,A3312400726225003,331240,Alakanuk,2026-01-01,2026,1,com_facil_sold_to,79189,34578,48380,34598,44543,NA,avg_same_month_other_years,NA
A3312400726225003_commercial_sold_to,A3312400726225003,331240,Alakanuk,2026-01-01,2026,1,commercial_sold_to,27835,22954,27320,22636,14892,NA,raw_value,NA
A3312400816225003_fuel_used_gallons,A3312400816225003,331240,Alakanuk,2016-02-01,2016,2,fuel_used_gallons,13782,15720,7993,14958,0,NA,raw_value,NA
A3312400817225003_residential_customers,A3312400817225003,331240,Alakanuk,2017-02-01,2017,2,residential_customers,90,91,150,126,158,162,manual_override,NA
A3312400826225003_commercial_sold_to,A3312400826225003,331240,Alakanuk,2026-02-01,2026,2,commercial_sold_to,22318,27835,27320,30165,12711,NA,raw_value,NA
A3312400916225003_fuel_used_gallons,A3312400916225003,331240,Alakanuk,2016-03-01,2016,3,fuel_used_gallons,14196,13782,7993,13546,0,NA,raw_value,NA
A3312400926225003_commercial_sold_to,A3312400926225003,331240,Alakanuk,2026-03-01,2026,3,commercial_sold_to,32495,22318,27320,24474,13757,NA,raw_value,NA
A3312401016225003_fuel_used_gallons,A3312401016225003,331240,Alakanuk,2016-04-01,2016,4,fuel_used_gallons,13309,14196,7993,13563,0,NA,raw_value,NA
A3312401026225003_commercial_sold_to,A3312401026225003,331240,Alakanuk,2026-04-01,2026,4,commercial_sold_to,26631,32495,27320,32495,13655,NA,raw_value,NA
A3312401116225003_fuel_used_gallons,A3312401116225003,331240,Alakanuk,2016-05-01,2016,5,fuel_used_gallons,12930,13309,7993,12036,0,NA,raw_value,NA
A3312401216225003_fuel_used_gallons,A3312401216225003,331240,Alakanuk,2016-06-01,2016,6,fuel_used_gallons,10763,12930,7993,11848,0,NA,raw_value,NA
A3312500116225003_commercial_sold_to,A3312500116225003,331250,Ambler,2015-07-01,2015,7,commercial_sold_to,12461,NA,17785,12762,3683,NA,raw_value,NA
A3312500216225003_commercial_sold_to,A3312500216225003,331250,Ambler,2015-08-01,2015,8,commercial_sold_to,12762,12461,17785,14042,3516,NA,raw_value,NA
A3312500316225003_commercial_sold_to,A3312500316225003,331250,Ambler,2015-09-01,2015,9,commercial_sold_to,15624,12762,17785,17510,3232,NA,raw_value,NA
A3312500416225003_commercial_sold_to,A3312500416225003,331250,Ambler,2015-10-01,2015,10,commercial_sold_to,22259,15624,17785,17522,3119,NA,raw_value,NA
A3312500516225003_commercial_sold_to,A3312500516225003,331250,Ambler,2015-11-01,2015,11,commercial_sold_to,19421,22259,17785,23222,4111,NA,raw_value,NA
A3312500526225003_commercial_sold_to,A3312500526225003,331250,Ambler,2025-11-01,2025,11,commercial_sold_to,12709,3222,5205,9629,4783,NA,raw_value,NA
A3312500526225003_fuel_used_gallons,A3312500526225003,331250,Ambler,2025-11-01,2025,11,fuel_used_gallons,0,8451,6764,4226,8496,NA,raw_value,NA
A3312500616225003_commercial_sold_to,A3312500616225003,331250,Ambler,2015-12-01,2015,12,commercial_sold_to,24184,19421,17785,21494,4716,NA,raw_value,NA
A3312500620225003_fuel_used_gallons,A3312500620225003,331250,Ambler,2019-12-01,2019,12,fuel_used_gallons,17629,7995,8018,8768,8833,NA,avg_preceding_proceeding,NA
A3312500626225003_commercial_sold_to,A3312500626225003,331250,Ambler,2025-12-01,2025,12,commercial_sold_to,16036,12709,5205,14424,5531,NA,raw_value,NA
A3312500626225003_fuel_used_gallons,A3312500626225003,331250,Ambler,2025-12-01,2025,12,fuel_used_gallons,0,0,6764,0,10596,NA,raw_value,NA
A3312500716225003_commercial_sold_to,A3312500716225003,331250,Ambler,2016-01-01,2016,1,commercial_sold_to,23567,24184,5483,14650,4694,NA,raw_value,NA
A3312500722225003_residential_sold_to,A3312500722225003,331250,Ambler,2022-01-01,2022,1,residential_sold_to,79156,61837,41317,57889,53356,NA,raw_value,NA
A3312500726225003_commercial_sold_to,A3312500726225003,331250,Ambler,2026-01-01,2026,1,commercial_sold_to,16138,16036,13352,14340,5437,NA,raw_value,NA
A3312500726225003_fuel_used_gallons,A3312500726225003,331250,Ambler,2026-01-01,2026,1,fuel_used_gallons,0,0,0,0,9940,NA,raw_value,NA
A3312500816225003_commercial_sold_to,A3312500816225003,331250,Ambler,2016-02-01,2016,2,commercial_sold_to,5115,23567,5483,13890,4084,NA,raw_value,NA
A3312500825225003_com_facil_sold_to,A3312500825225003,331250,Ambler,2025-02-01,2025,2,com_facil_sold_to,55826,26824,26941,27539,25071,NA,avg_preceding_proceeding,NA
A3312500826225003_commercial_sold_to,A3312500826225003,331250,Ambler,2026-02-01,2026,2,commercial_sold_to,12643,16138,13352,14532,3331,NA,raw_value,NA
A3312500826225003_fuel_used_gallons,A3312500826225003,331250,Ambler,2026-02-01,2026,2,fuel_used_gallons,0,0,0,0,9113,NA,raw_value,NA
A3312500926225003_commercial_sold_to,A3312500926225003,331250,Ambler,2026-03-01,2026,3,commercial_sold_to,12925,12643,13352,12172,3408,NA,raw_value,NA
A3312500926225003_fuel_used_gallons,A3312500926225003,331250,Ambler,2026-03-01,2026,3,fuel_used_gallons,0,0,0,0,9141,NA,raw_value,NA
A3312501026225003_commercial_sold_to,A3312501026225003,331250,Ambler,2026-04-01,2026,4,commercial_sold_to,11701,12925,13352,12925,3206,NA,raw_value,NA
A3312501026225003_fuel_used_gallons,A3312501026225003,331250,Ambler,2026-04-01,2026,4,fuel_used_gallons,0,0,0,0,8153,NA,raw_value,NA
A3312600116225003_com_facil_sold_to,A3312600116225003,331260,Anvik,2015-07-01,2015,7,com_facil_sold_to,4177,NA,4815,4183,10738,NA,raw_value,NA
A3312600216225003_com_facil_sold_to,A3312600216225003,331260,Anvik,2015-08-01,2015,8,com_facil_sold_to,4183,4177,4815,4412,10564,NA,raw_value,NA
A3312600217225003_residential_customers,A3312600217225003,331260,Anvik,2016-08-01,2016,8,residential_customers,122,40,68,40,38,NA,avg_preceding_proceeding,NA
A3312600316225003_com_facil_sold_to,A3312600316225003,331260,Anvik,2015-09-01,2015,9,com_facil_sold_to,4647,4183,4815,4504,10467,NA,raw_value,NA
A3312600416225003_com_facil_sold_to,A3312600416225003,331260,Anvik,2015-10-01,2015,10,com_facil_sold_to,4824,4647,4815,5088,11086,NA,raw_value,NA
A3312600417225003_residential_customers,A3312600417225003,331260,Anvik,2016-10-01,2016,10,residential_customers,161,41,68,101,37,41,manual_override,NA
A3312600516225003_com_facil_sold_to,A3312600516225003,331260,Anvik,2015-11-01,2015,11,com_facil_sold_to,5530,4824,4815,5177,10866,NA,raw_value,NA
A3312600517225003_residential_customers,A3312600517225003,331260,Anvik,2016-11-01,2016,11,residential_customers,161,161,68,101,37,41,manual_override,NA
A3312600520225003_com_facil_sold_to,A3312600520225003,331260,Anvik,2019-11-01,2019,11,com_facil_sold_to,15273,14663,12254,15761,9892,NA,raw_value,NA
A3312600526225003_com_facil_sold_to,A3312600526225003,331260,Anvik,2025-11-01,2025,11,com_facil_sold_to,4359,10257,9390,7193,10983,NA,raw_value,NA
A3312600526225003_commercial_sold_to,A3312600526225003,331260,Anvik,2025-11-01,2025,11,commercial_sold_to,10073,0,1671,4987,927,NA,raw_value,NA
A3312600616225003_com_facil_sold_to,A3312600616225003,331260,Anvik,2015-12-01,2015,12,com_facil_sold_to,5530,5530,4815,5545,10989,NA,raw_value,NA
A3312600616225003_commercial_sold_to,A3312600616225003,331260,Anvik,2015-12-01,2015,12,commercial_sold_to,10356,9271,8405,9960,997,NA,raw_value,NA
A3312600620225003_com_facil_sold_to,A3312600620225003,331260,Anvik,2019-12-01,2019,12,com_facil_sold_to,16859,15273,12254,14284,9856,NA,raw_value,NA
A3312600622225003_fuel_used_gallons,A3312600622225003,331260,Anvik,2021-12-01,2021,12,fuel_used_gallons,4515,3418,2993,3325,2194,NA,raw_value,NA
A3312600626225003_com_facil_sold_to,A3312600626225003,331260,Anvik,2025-12-01,2025,12,com_facil_sold_to,4129,4359,9390,4408,11129,NA,raw_value,NA
A3312600716225003_com_facil_sold_to,A3312600716225003,331260,Anvik,2016-01-01,2016,1,com_facil_sold_to,5560,5530,10494,8106,11034,NA,raw_value,NA
A3312600716225003_commercial_sold_to,A3312600716225003,331260,Anvik,2016-01-01,2016,1,commercial_sold_to,10649,10356,887,5178,841,NA,raw_value,NA
A3312600717225003_residential_customers,A3312600717225003,331260,Anvik,2017-01-01,2017,1,residential_customers,161,41,60,101,37,41,manual_override,NA
A3312600726225003_com_facil_sold_to,A3312600726225003,331260,Anvik,2026-01-01,2026,1,com_facil_sold_to,4456,4129,4294,4183,11144,NA,raw_value,NA
A3312600817225003_residential_customers,A3312600817225003,331260,Anvik,2017-02-01,2017,2,residential_customers,161,161,60,100,37,41,manual_override,NA
A3312600826225003_com_facil_sold_to,A3312600826225003,331260,Anvik,2026-02-01,2026,2,com_facil_sold_to,4237,4456,4294,4541,10653,NA,raw_value,NA
A3312600826225003_govt_facil_sold_to,A3312600826225003,331260,Anvik,2026-02-01,2026,2,govt_facil_sold_to,31922,4765,15551,8758,9072,13922,manual_override,Assume type transposing first two digits
A3312600926225003_com_facil_sold_to,A3312600926225003,331260,Anvik,2026-03-01,2026,3,com_facil_sold_to,4626,4237,4294,4048,11240,NA,raw_value,NA
A3312601026225003_com_facil_sold_to,A3312601026225003,331260,Anvik,2026-04-01,2026,4,com_facil_sold_to,3859,4626,4294,4626,11407,NA,raw_value,NA
A3317500217225003_fuel_used_gallons,A3317500217225003,331750,Atka,2016-08-01,2016,8,fuel_used_gallons,3927,406,1064,203,766,NA,raw_value,Assume to be two months' data
A3317500618225003_peak_consumption_kw,A3317500618225003,331750,Atka,2017-12-01,2017,12,peak_consumption_kw,130,54,66,60,61,NA,raw_value,NA
A3317500624225003_com_facil_sold_to,A3317500624225003,331750,Atka,2023-12-01,2023,12,com_facil_sold_to,13304,5791,6364,6091,4181,NA,avg_preceding_proceeding,NA
A3317500624225003_residential_sold_to,A3317500624225003,331750,Atka,2023-12-01,2023,12,residential_sold_to,18231,10413,9879,9098,11058,NA,avg_same_month_other_years,NA
A3317500716225003_govt_facil_sold_to,A3317500716225003,331750,Atka,2016-01-01,2016,1,govt_facil_sold_to,8776,5135,4925,4716,4030,NA,avg_preceding_proceeding,NA
A3317500718225003_unbilled_sold_to,A3317500718225003,331750,Atka,2018-01-01,2018,1,unbilled_sold_to,378,0,106,30,75,NA,raw_value,NA
A3317500724225003_peak_consumption_kw,A3317500724225003,331750,Atka,2024-01-01,2024,1,peak_consumption_kw,112,71,112,71,62,NA,raw_value,NA
A3317500917225003_unbilled_sold_to,A3317500917225003,331750,Atka,2017-03-01,2017,3,unbilled_sold_to,330,0,88,51,72,NA,raw_value,NA
A3317600626225003_com_facil_sold_to,A3317600626225003,331760,Aniak,2025-12-01,2025,12,com_facil_sold_to,13347,8779,8289,12792,6183,NA,raw_value,NA
A3317600717225003_unbilled_sold_to,A3317600717225003,331760,Aniak,2017-01-01,2017,1,unbilled_sold_to,12655,7678,4881,7212,6911,NA,raw_value,NA
A3317600719225003_unbilled_sold_to,A3317600719225003,331760,Aniak,2019-01-01,2019,1,unbilled_sold_to,12145,8685,3966,6856,6962,NA,raw_value,NA
A3317600720225003_unbilled_sold_to,A3317600720225003,331760,Aniak,2020-01-01,2020,1,unbilled_sold_to,12098,5269,4023,5753,6967,NA,raw_value,NA
A3317600726225003_com_facil_sold_to,A3317600726225003,331760,Aniak,2026-01-01,2026,1,com_facil_sold_to,16806,13347,12538,13076,7382,NA,raw_value,NA
A3317600822225003_peak_consumption_kw,A3317600822225003,331760,Aniak,2022-02-01,2022,2,peak_consumption_kw,52,560,401,540,474,NA,avg_preceding_proceeding,NA
A3317600925225003_peak_consumption_kw,A3317600925225003,331760,Aniak,2025-03-01,2025,3,peak_consumption_kw,2901,435,598,442,465,NA,avg_preceding_proceeding,NA
A3317600926225003_com_facil_sold_to,A3317600926225003,331760,Aniak,2026-03-01,2026,3,com_facil_sold_to,15336,12806,12538,11656,6983,NA,raw_value,NA
A3317700124225003_residential_sold_to,A3317700124225003,331770,Arctic Village,2023-07-01,2023,7,residential_sold_to,69278,NA,33110,29200,16087,NA,raw_value,Likely two months' data
A3317700125225003_commercial_sold_to,A3317700125225003,331770,Arctic Village,2024-07-01,2024,7,commercial_sold_to,64508,51890,36488,30862,11741,NA,raw_value,NA
A3317700225225003_unbilled_sold_to,A3317700225225003,331770,Arctic Village,2024-08-01,2024,8,unbilled_sold_to,33847,1253,7326,1253,2063,NA,raw_value,NA
A3317700323225003_unbilled_sold_to,A3317700323225003,331770,Arctic Village,2022-09-01,2022,9,unbilled_sold_to,11386,0,3507,0,2221,NA,raw_value,NA
A3317700422225003_diesel_kwh_generated,A3317700422225003,331770,Arctic Village,2021-10-01,2021,10,diesel_kwh_generated,126000,NA,58321,NA,62392,NA,raw_value,NA
A3317700422225003_fuel_used_gallons,A3317700422225003,331770,Arctic Village,2021-10-01,2021,10,fuel_used_gallons,13695,NA,4887,0,3814,NA,raw_value,NA
A3317700422225003_residential_sold_to,A3317700422225003,331770,Arctic Village,2021-10-01,2021,10,residential_sold_to,54203,NA,22462,19252,21505,NA,raw_value,NA
A3317700523225003_com_facil_sold_to,A3317700523225003,331770,Arctic Village,2022-11-01,2022,11,com_facil_sold_to,49602,0,11334,0,7664,NA,raw_value,Likely two months' data
A3317700523225003_residential_sold_to,A3317700523225003,331770,Arctic Village,2022-11-01,2022,11,residential_sold_to,48466,1,23372,1,19127,NA,raw_value,Likely two months' data
A3317700525225003_unbilled_sold_to,A3317700525225003,331770,Arctic Village,2024-11-01,2024,11,unbilled_sold_to,22906,7869,7326,8343,4068,NA,raw_value,NA
A3317700626225003_unbilled_sold_to,A3317700626225003,331770,Arctic Village,2025-12-01,2025,12,unbilled_sold_to,18003,5099,8634,5486,3558,NA,raw_value,NA
A3317700723225003_com_facil_sold_to,A3317700723225003,331770,Arctic Village,2023-01-01,2023,1,com_facil_sold_to,47210,0,21926,0,9108,NA,raw_value,Likely two months' data
A3317700822225003_fuel_used_gallons,A3317700822225003,331770,Arctic Village,2022-02-01,2022,2,fuel_used_gallons,20356,0,7331,0,4391,NA,raw_value,Likely two months' data
A3317700824225003_commercial_sold_to,A3317700824225003,331770,Arctic Village,2024-02-01,2024,2,commercial_sold_to,51862,24189,36488,38026,12107,NA,raw_value,NA
A3317700825225003_unbilled_sold_to,A3317700825225003,331770,Arctic Village,2025-02-01,2025,2,unbilled_sold_to,17710,4623,8634,7874,2715,NA,raw_value,NA
A3317700826225003_unbilled_sold_to,A3317700826225003,331770,Arctic Village,2026-02-01,2026,2,unbilled_sold_to,12072,5873,7882,5873,3341,NA,raw_value,NA
A3317700923225003_com_facil_sold_to,A3317700923225003,331770,Arctic Village,2023-03-01,2023,3,com_facil_sold_to,48824,0,21926,2426,8468,NA,raw_value,Likely two months' data
A3317700923225003_residential_sold_to,A3317700923225003,331770,Arctic Village,2023-03-01,2023,3,residential_sold_to,47927,1,33110,10860,17969,NA,raw_value,Likely two months' data
A3317700924225003_commercial_sold_to,A3317700924225003,331770,Arctic Village,2024-03-01,2024,3,commercial_sold_to,51862,51862,36488,51862,16061,NA,raw_value,NA
A3317700925225003_unbilled_sold_to,A3317700925225003,331770,Arctic Village,2025-03-01,2025,3,unbilled_sold_to,11124,17710,8634,12548,3904,NA,raw_value,NA
A3317701018225003_govt_facil_sold_to,A3317701018225003,331770,Arctic Village,2018-04-01,2018,4,govt_facil_sold_to,2432,NA,840,NA,616,NA,annual_average,NA
A3317701024225003_commercial_sold_to,A3317701024225003,331770,Arctic Village,2024-04-01,2024,4,commercial_sold_to,51862,51862,36488,51862,18081,NA,raw_value,NA
A3317701124225003_commercial_sold_to,A3317701124225003,331770,Arctic Village,2024-05-01,2024,5,commercial_sold_to,51862,51862,36488,51876,9391,NA,raw_value,NA
A3317701224225003_commercial_sold_to,A3317701224225003,331770,Arctic Village,2024-06-01,2024,6,commercial_sold_to,51890,51862,36488,58185,11803,NA,raw_value,NA
A3317800118225003_govt_facil_sold_to,A3317800118225003,331780,Atmautluak,2017-07-01,2017,7,govt_facil_sold_to,13628,1172,2618,906,726,NA,avg_preceding_proceeding,NA
A3317800123225003_powerhouse_consumption_kwh,A3317800123225003,331780,Atmautluak,2022-07-01,2022,7,powerhouse_consumption_kwh,6186,6029,6549,7024,3368,NA,raw_value,NA
A3317800123225003_unbilled_sold_to,A3317800123225003,331780,Atmautluak,2022-07-01,2022,7,unbilled_sold_to,741,523,704,504,81,NA,raw_value,NA
A3317800217225003_govt_facil_sold_to,A3317800217225003,331780,Atmautluak,2016-08-01,2016,8,govt_facil_sold_to,18048,438,2674,604,656,NA,avg_preceding_proceeding,NA
A3317800223225003_powerhouse_consumption_kwh,A3317800223225003,331780,Atmautluak,2022-08-01,2022,8,powerhouse_consumption_kwh,8019,6186,6549,7016,3641,NA,raw_value,NA
A3317800224225003_powerhouse_consumption_kwh,A3317800224225003,331780,Atmautluak,2023-08-01,2023,8,powerhouse_consumption_kwh,6878,4806,7228,6944,3783,NA,raw_value,NA
A3317800323225003_powerhouse_consumption_kwh,A3317800323225003,331780,Atmautluak,2022-09-01,2022,9,powerhouse_consumption_kwh,7845,8019,6549,7276,3754,NA,raw_value,NA
A3317800324225003_powerhouse_consumption_kwh,A3317800324225003,331780,Atmautluak,2023-09-01,2023,9,powerhouse_consumption_kwh,9083,6878,7228,8490,3600,NA,raw_value,NA
A3317800423225003_powerhouse_consumption_kwh,A3317800423225003,331780,Atmautluak,2022-10-01,2022,10,powerhouse_consumption_kwh,6533,7845,6549,8363,4016,NA,raw_value,NA
A3317800423225003_unbilled_sold_to,A3317800423225003,331780,Atmautluak,2022-10-01,2022,10,unbilled_sold_to,732,468,704,678,108,NA,raw_value,NA
A3317800424225003_powerhouse_consumption_kwh,A3317800424225003,331780,Atmautluak,2023-10-01,2023,10,powerhouse_consumption_kwh,10103,9083,7228,9267,3506,NA,raw_value,NA
A3317800523225003_powerhouse_consumption_kwh,A3317800523225003,331780,Atmautluak,2022-11-01,2022,11,powerhouse_consumption_kwh,8881,6533,6549,6985,3952,NA,raw_value,NA
A3317800523225003_unbilled_sold_to,A3317800523225003,331780,Atmautluak,2022-11-01,2022,11,unbilled_sold_to,887,732,704,721,167,NA,raw_value,NA
A3317800524225003_powerhouse_consumption_kwh,A3317800524225003,331780,Atmautluak,2023-11-01,2023,11,powerhouse_consumption_kwh,9451,10103,7228,6576,3889,NA,raw_value,NA
A3317800616225003_fuel_used_gallons,A3317800616225003,331780,Atmautluak,2015-12-01,2015,12,fuel_used_gallons,0,3925,1962,7858,6344,NA,raw_value,NA
A3317800623225003_powerhouse_consumption_kwh,A3317800623225003,331780,Atmautluak,2022-12-01,2022,12,powerhouse_consumption_kwh,7437,8881,6549,6896,3473,NA,raw_value,NA
A3317800623225003_unbilled_sold_to,A3317800623225003,331780,Atmautluak,2022-12-01,2022,12,unbilled_sold_to,710,887,704,612,170,NA,raw_value,NA
A3317800716225003_fuel_used_gallons,A3317800716225003,331780,Atmautluak,2016-01-01,2016,1,fuel_used_gallons,11792,0,5115,2965,6705,NA,raw_value,Assume two months of data
A3317800718225003_govt_facil_sold_to,A3317800718225003,331780,Atmautluak,2018-01-01,2018,1,govt_facil_sold_to,29960,1253,3415,1208,2576,NA,avg_preceding_proceeding,NA
A3317800722225003_unbilled_sold_to,A3317800722225003,331780,Atmautluak,2022-01-01,2022,1,unbilled_sold_to,850,288,704,546,230,NA,raw_value,NA
A3317800822225003_powerhouse_consumption_kwh,A3317800822225003,331780,Atmautluak,2022-02-01,2022,2,powerhouse_consumption_kwh,5230,3067,6549,3003,3653,NA,raw_value,NA
A3317800822225003_unbilled_sold_to,A3317800822225003,331780,Atmautluak,2022-02-01,2022,2,unbilled_sold_to,804,850,704,776,153,NA,raw_value,NA
A3317800823225003_powerhouse_consumption_kwh,A3317800823225003,331780,Atmautluak,2023-02-01,2023,2,powerhouse_consumption_kwh,7028,4912,7228,7012,3396,NA,raw_value,NA
A3317800920225003_unbilled_sold_to,A3317800920225003,331780,Atmautluak,2020-03-01,2020,3,unbilled_sold_to,586,216,233,364,262,NA,raw_value,NA
A3317800922225003_unbilled_sold_to,A3317800922225003,331780,Atmautluak,2022-03-01,2022,3,unbilled_sold_to,701,804,704,780,250,NA,raw_value,NA
A3317800923225003_powerhouse_consumption_kwh,A3317800923225003,331780,Atmautluak,2023-03-01,2023,3,powerhouse_consumption_kwh,9111,7028,7228,7040,3230,NA,raw_value,NA
A3317801022225003_powerhouse_consumption_kwh,A3317801022225003,331780,Atmautluak,2022-04-01,2022,4,powerhouse_consumption_kwh,6780,2939,6549,6292,3539,NA,raw_value,NA
A3317801022225003_unbilled_sold_to,A3317801022225003,331780,Atmautluak,2022-04-01,2022,4,unbilled_sold_to,757,701,704,745,171,NA,raw_value,NA
A3317801023225003_powerhouse_consumption_kwh,A3317801023225003,331780,Atmautluak,2023-04-01,2023,4,powerhouse_consumption_kwh,7051,9111,7228,8370,3509,NA,raw_value,NA
A3317801122225003_powerhouse_consumption_kwh,A3317801122225003,331780,Atmautluak,2022-05-01,2022,5,powerhouse_consumption_kwh,9645,6780,6549,6404,3646,NA,raw_value,NA
A3317801122225003_unbilled_sold_to,A3317801122225003,331780,Atmautluak,2022-05-01,2022,5,unbilled_sold_to,789,757,704,640,112,NA,raw_value,NA
A3317801123225003_powerhouse_consumption_kwh,A3317801123225003,331780,Atmautluak,2023-05-01,2023,5,powerhouse_consumption_kwh,7630,7051,7228,7340,3898,NA,raw_value,NA
A3317801222225003_powerhouse_consumption_kwh,A3317801222225003,331780,Atmautluak,2022-06-01,2022,6,powerhouse_consumption_kwh,6029,9645,6549,7916,3827,NA,raw_value,NA
A3317801223225003_powerhouse_consumption_kwh,A3317801223225003,331780,Atmautluak,2023-06-01,2023,6,powerhouse_consumption_kwh,7630,7630,7228,6218,3627,NA,raw_value,NA
A3323500617225003_peak_consumption_kw,A3323500617225003,332350,Anaktuvuk Pass,2016-12-01,2016,12,peak_consumption_kw,1134,628,654,658,654,NA,raw_value,NA
A3323500721225003_peak_consumption_kw,A3323500721225003,332350,Anaktuvuk Pass,2021-01-01,2021,1,peak_consumption_kw,1519,640,922,844,738,NA,raw_value,NA
A3323500722225003_peak_consumption_kw,A3323500722225003,332350,Anaktuvuk Pass,2022-01-01,2022,1,peak_consumption_kw,1183,853,608,750,771,NA,raw_value,NA
A3323500817225003_peak_consumption_kw,A3323500817225003,332350,Anaktuvuk Pass,2017-02-01,2017,2,peak_consumption_kw,1134,689,662,660,701,NA,raw_value,NA
A3323500821225003_peak_consumption_kw,A3323500821225003,332350,Anaktuvuk Pass,2021-02-01,2021,2,peak_consumption_kw,1047,1519,922,1709,710,NA,raw_value,NA
A3323500826225003_residential_sold_to,A3323500826225003,332350,Anaktuvuk Pass,2026-02-01,2026,2,residential_sold_to,136637,104484,97963,102188,70466,NA,raw_value,NA
A3323500916225003_peak_consumption_kw,A3323500916225003,332350,Anaktuvuk Pass,2016-03-01,2016,3,peak_consumption_kw,1070,590,654,570,798,NA,raw_value,NA
A3323500921225003_peak_consumption_kw,A3323500921225003,332350,Anaktuvuk Pass,2021-03-01,2021,3,peak_consumption_kw,1899,1047,922,837,716,NA,raw_value,NA
A3323501121225003_peak_consumption_kw,A3323501121225003,332350,Anaktuvuk Pass,2021-05-01,2021,5,peak_consumption_kw,1900,627,922,562,954,NA,raw_value,NA
A3323501123225003_peak_consumption_kw,A3323501123225003,332350,Anaktuvuk Pass,2023-05-01,2023,5,peak_consumption_kw,4415,598,920,552,703,NA,carry_forward,NA
A3323600420225003_govt_facil_sold_to,A3323600420225003,332360,Atqasuk,2019-10-01,2019,10,govt_facil_sold_to,5493,3988,3986,6143,1300,NA,raw_value,NA
A3323600520225003_govt_facil_sold_to,A3323600520225003,332360,Atqasuk,2019-11-01,2019,11,govt_facil_sold_to,8298,5493,3986,8322,1416,NA,raw_value,NA
A3323600620225003_govt_facil_sold_to,A3323600620225003,332360,Atqasuk,2019-12-01,2019,12,govt_facil_sold_to,11150,8298,3986,10225,2076,NA,raw_value,NA
A3323600720225003_govt_facil_sold_to,A3323600720225003,332360,Atqasuk,2020-01-01,2020,1,govt_facil_sold_to,12152,11150,4785,11246,2212,NA,raw_value,NA
A3323600726225003_com_facil_sold_to,A3323600726225003,332360,Atqasuk,2026-01-01,2026,1,com_facil_sold_to,20090,8998,7406,7015,8628,NA,avg_preceding_proceeding,NA
A3323600820225003_govt_facil_sold_to,A3323600820225003,332360,Atqasuk,2020-02-01,2020,2,govt_facil_sold_to,11341,12152,4785,11404,2195,NA,raw_value,NA
A3323600920225003_govt_facil_sold_to,A3323600920225003,332360,Atqasuk,2020-03-01,2020,3,govt_facil_sold_to,10655,11341,4785,9933,1947,NA,raw_value,NA
A3323601020225003_govt_facil_sold_to,A3323601020225003,332360,Atqasuk,2020-04-01,2020,4,govt_facil_sold_to,8525,10655,4785,9228,1955,NA,raw_value,NA
A3323601120225003_govt_facil_sold_to,A3323601120225003,332360,Atqasuk,2020-05-01,2020,5,govt_facil_sold_to,7801,8525,4785,4460,1552,NA,raw_value,NA
A3323601121225003_commercial_customers,A3323601121225003,332360,Atqasuk,2021-05-01,2021,5,commercial_customers,0,61,56,61,53,NA,carry_forward,NA
A3323601121225003_residential_customers,A3323601121225003,332360,Atqasuk,2021-05-01,2021,5,residential_customers,0,64,58,64,65,NA,carry_forward,NA
A3323601221225003_fuel_used_gallons,A3323601221225003,332360,Atqasuk,2021-06-01,2021,6,fuel_used_gallons,0,20909,20635,19558,17172,NA,avg_preceding_proceeding,NA
A3326500126225003_commercial_sold_to,A3326500126225003,332650,Angoon,2025-07-01,2025,7,commercial_sold_to,84044,58271,60070,75342,42287,NA,raw_value,NA
A3326500127225003_commercial_sold_to,A3326500127225003,332650,Angoon,2026-07-01,2026,7,commercial_sold_to,88260,56279,58858,56279,41904,NA,raw_value,NA
A3326500226225003_commercial_sold_to,A3326500226225003,332650,Angoon,2025-08-01,2025,8,commercial_sold_to,92412,84044,60070,84345,39024,NA,raw_value,NA
A3326500326225003_commercial_sold_to,A3326500326225003,332650,Angoon,2025-09-01,2025,9,commercial_sold_to,84646,92412,60070,69615,42167,NA,raw_value,NA
A3326500726225003_residential_sold_to,A3326500726225003,332650,Angoon,2026-01-01,2026,1,residential_sold_to,101165,81215,76580,79814,82192,NA,raw_value,NA
A3326500826225003_residential_customers,A3326500826225003,332650,Angoon,2026-02-01,2026,2,residential_customers,142,190,169,166,193,NA,carry_forward,NA
A3326500926225003_residential_customers,A3326500926225003,332650,Angoon,2026-03-01,2026,3,residential_customers,141,142,169,142,193,190,manual_override,NA
A3326501026225003_residential_customers,A3326501026225003,332650,Angoon,2026-04-01,2026,4,residential_customers,142,141,169,164,192,190,manual_override,NA
A3329000417225003_peak_consumption_kw,A3329000417225003,332900,Yakutat,2016-10-01,2016,10,peak_consumption_kw,2101,1323,1210,1096,1045,NA,raw_value,NA
A3329000526225003_fuel_used_gallons,A3329000526225003,332900,Yakutat,2025-11-01,2025,11,fuel_used_gallons,0,38978,29554,19489,31219,NA,raw_value,NA
A3329000626225003_fuel_used_gallons,A3329000626225003,332900,Yakutat,2025-12-01,2025,12,fuel_used_gallons,0,0,29554,0,32264,NA,raw_value,NA
A3329000726225003_fuel_used_gallons,A3329000726225003,332900,Yakutat,2026-01-01,2026,1,fuel_used_gallons,0,0,0,0,32930,NA,raw_value,NA
A3329000826225003_fuel_used_gallons,A3329000826225003,332900,Yakutat,2026-02-01,2026,2,fuel_used_gallons,0,0,0,0,32358,NA,raw_value,NA
A3329000926225003_fuel_used_gallons,A3329000926225003,332900,Yakutat,2026-03-01,2026,3,fuel_used_gallons,0,0,0,0,34557,NA,raw_value,NA
A3329001026225003_fuel_used_gallons,A3329001026225003,332900,Yakutat,2026-04-01,2026,4,fuel_used_gallons,0,0,0,0,37107,NA,raw_value,NA
